insert into servicio_estetico (tipo, detalle_Acortado, detalle, precio, imagen, provincia, ciudad) values ('Peluqueria','Cortes de pelo en Sevilla','Corte de pelo en sevilla, las más novedosas técnicas que existen en el mercado asesorándote para encontrar.',10.00,'data:image/jpeg;base64,/9j/4AAQSkZJRgABAQAAAQABAAD/2wCEAAkGBxMTEhUTEhMWFhUXGBsYGRgYGCIbIBkaGhcXGBsaHR4hHigjIBsmHRUYITEhJiktLi4uFx8zODMtNygtLisBCgoKDg0OGhAQGy0lHyUtLS0tLS0tLy0tLS0tLS0tLS0tLS0tLS0tLS0tLS0tLS0tLS0tLS0tLS0tLS0tLS0tLf/AABEIAKoBKQMBIgACEQEDEQH/xAAcAAACAwEBAQEAAAAAAAAAAAAEBQMGBwIBAAj/xABJEAABAgMEBgcEBwcDAwQDAAABAhEAAyEEEjFBBVFhcYGRBhMiMqGxwUJSYtEUFSNykuHwBxYzQ1OCosLS8SRjshdz0+JUk6P/xAAZAQADAQEBAAAAAAAAAAAAAAABAgMABAX/xAAsEQACAQQBBAAFBAMBAAAAAAAAAQIDERIhMQQTQVEUImGR8DJCocFxgbEj/9oADAMBAAIRAxEAPwDOZiSnIqOwv6wDaLTNVS6oDURSLTPlDDqy+xn8DA/0Zz2ULf8Aujz1U+h6jg/YgkOKrHj+jBirbM7yXUnVmN4qDvi3WHoqpfamKoMQz+Jp4wzRo6ySS4Dr2H1+UFz9mUGVHRM+0KDpkqIw7IccQXHiIsujuik6cBfsUkA16wKuLqcboKgIeWdYSxuoR97FuRPlDWxaUc3ReXXJwkcS7wub9BdO3kR2f9kKSp12gqGSVH5D0i16K/Z/IkimOZb8n8Ya2Rc5SXQpA2s/rBybRMuEFRUrWEejwbtkJOS4Yq+rbMlQNxJOalJUTz1RPN0iED7NLnIsw5mJp9pISy0120HKFMy0rUq6JaWz7TOHyozwrTHjZ8n07TFuJZCJW8rCv9QrAU+1aSIwRwS3q8e21U0OfoqiPgwbaEk82gdFqwYzJL0aqg+rZxEBxZSOPhIGti7WQAVKCs2ZvPzeAlrtaaFRG9Pi6XiyWWdNIpMlzkZ3T2hvAeCVWRCyGBS2oU4kVHEQth80ioG3WkHtAPkbwqOIfwiQ6XmpoZJ1UIPkRFsm6JvpYLcalMocDVvAwKro4HZI3gF/CsGwFUQhRpJJpMRdfB0kflE6ZMsd1w/uq9DH0/QpSo3FTUF8MfB3biYhFnmyyzy1aqdWT6GMNdBKbKsHsq7Wd5OW8ecHIs1AVyxMAzAvN4PAtjti04iah8XZSfl4Q6sE4qBVcSGrfl9lthANI1hZNoCnaGlTqJKkHUoOC+rPkYVW7oYtN5SBf2gvwbHnFwm23BgVbG8Y5OlUvVxtd8MsX84VzsIs/CM9GjJlQoXWxvU5wFaTKRiorPuoFBxMaRpGbJni7MCV+Ch5GKrpLoqCR1M/qyclJfkrLkYn8RBalorFSa2ioWpIIdTJ1B68T6CFy0DuipMWWf0RmINUqVWqncc/yjhOj0IJKlJG6p54xZTjJaYLMqybEp3uv96g5Yx7apUxq1AwAoPmYd2m0oTWg2n0GZhDpG2A1q2tRZ9wEZ74CrAsxQZ1KrqyHCOJs4pRdS15VTsGQ2azEZDqvKIAx1MNce9V1ir11kjupwcZP8oeMfIkpeDmTZWFCCpVX1a2GzXBNksBUb5qRQPl+sYMkWMS0lc0l1Y5ADJIEfTJqlhgAhPjBbFSPpk0SU3ZdV82fPfECbNdF6ZUqrX5RxOmS5YoXOv9ecL0WwrV2gq5rBqdxLwFtaGeuSe3aRCRdAr7oxO/ZAKbMpanmmvu5CCpS5ALJkLKsyVv6CJJyrrOyPhSPM4kwcraSBjfkgnOWAoBr+Uc/Rk+94xNJsxmB1G4h8c1Qd9XWfb+IwHKwbDiwaNmtemKYZA+VKwYdMy5bJli8RR8XVqSBiYS2q3qmP2hKlB3L47BmrUwpENlmEh5Uu6lm6xZuvvOJ+6njFFTJuoNrRpmbMVdXeH/AG0Y8Th67IIslnngBSrslBPeWoXjwLHwEILNaik3JTKXspyQHYbS52wUJpSe3MK1+5ZxfXuMw4bkh9kHA2ZbpdmkJY9X1qie/NKjXYl/ARYLNaTdqyUpFGSlAJG8+ZEZ/ZdITQphKEqvtTHUdilOCd3hDNU2aUhaQhAIrgK5m8pIPICA4gzL39bh26yzs1TMnV4NRuJgmz6YKiQhUhYHuTFYcozaRp1MtPbtKgcgntk8SABEyOkV8i5NUrGq7WJXglB5PAxFNHtNrU9VzRm10twUqW3MwHarerupUle4oSrmUXTxMIbHahdB66VeOQnHDUTdETGci8yysZ/Z2gK8CPCA0wxUQ/R1qmuVuUjBpksV23pZYjjDQWwEXpiVKT78tlgNuDjnCpGk0FN1KkEGrTJYBI3BtUTSLQSOxLADuTLWxHOogXC432TKskpZCkqlrGbKuLGrGsez5Zl1EwUynV5KB4PENrtzkJUhKjkJguK/tWAx5QDadJSUgiYZkraDfS3Cg5CMZJ+RxKty3CgkgNUhXWJPFPa50j60aWUhXaReBwKCQobslcIr4nqb/pVypoFWGO3BQJhLM6WTpSmMsEP2khR8UKTGDijS7PpVEwMlYJHsTOyrxY+cTEoUHUlB8+BEZVN6XSFtQINe8ARuGrgYNsFvUtJXImggYhKv+TzEHkXBLyaHPTJY+zTvHDmzGIpFhQllIuuc0dl+RbwihWnpOpiLiic7puq4ochXIQns3S4oJCSFJzSD1axwND4QrTGUdWuaja7VLHZKwX9iZQvsVQNCHSxCfaCdRxB2OP1vioWnpq4IBKqdyagP+cKldKZawQqWUa7igR+FQHgYWUblYfKPLZbSlykgnU//AAYCkdKJso3akP3VG8OEI7VaUrT2ClSvZN4pI/tOPAmEyjMeprvY8miDoRfJ0KqabYOnsvBbpOofn84ZjTdhnfxClyO8AUFt+fCMd65QLlD8H4x5MtT4pOGr5RH4BXvFtBdSL5Rp2kOiMqbWy2kAmoEwXhzGEIT0Att4qUiVMA/prqeZEUwWyYmqDMTuURB9j6TWxDtMVxXFFR6mC+WSf+ScnD6/n2LQOhsxNVypjncoJG5g6uYETfUkyWHloKjrUkvvGUIP33tyWecOBeB5/T21ZzidxbygqPVvWgXpLbJ7bZ5qVEmWsn3lfnCu1pme2tKBqBrAVp07Pmmq1K3kmPBYFqLrN3arGOmNOUV87QjnF/oRyuckdkC8dzmCZNkUWVMdCTUUx3R8lUmWGQLysya/8R718yZiH1Qzb8fdi29hKpqUpCJabu3FR/LhxgafLUo4sAMyCfDCGAscu7eUSABXNz5cKx7YLOFm8KS0mgzUrJ90CP0DJntnsRCRjeJuh8t3CHv1AdUd6MkPMKzVMsO23IDi0Ors79NFFEk5MpdptckH7GXMmrwBUgADKgJPiIiVYZk11WmaEJDC7fvHcyPJxwi0iwaOSADgMbxJvb3VWGEi02fuykoI1BIps7pjOr6MqXsp6Sgp6qzyV3PhBdW1V1ycMHaDrNY1Chs1qCSO5LSxJ2gJJbYpfCL1Its5CSoJXdduwUivFQiWz6YtCnaXP1ghaMBuWXgdx+g9v6lK/dLSUwfYWaahJzUUoPFylXKIF/ss0q4YSgP/AHK8SQfCNLk28lgTNCtXWHxakMrNOJ7wUB8Sya5xu4/Qjg15MqH7IrUC658m9uUo+Ihij9nUqUPtrUonUiXdG7GsaBa5BchALEYiazHimKhpJU6W7lQYnGZhvBxhXKTGikwOX0dsmBmKpkpKx5LiRfRewTKJmrB1OW8S/jCm16emISVfaqGu4laTxvQCjpmR35SDrvJY+REFZDNRLSjotLQOzbZyB96n+TiJTo1aCFfT3V8csA8Skh4q8jpdKdrhQ+PaLeAMN7LbUL/hzccnZuTDnG2ayLEhEwoH2wcYi7QnW0DWjRijUqlknFpeI4GnjCm8xuqe9kUqZX4SzjaHieVbZiaiZfGYIZad4OPMQLM2gLSfRlS6y1ywxoGKW/uA8zCDSOjtJSheuqWge0lpgHmrwi/SdMII+2lY4TEOKa1Zp8RtjmfZJyftJQ65Bq8shMwcAbq/AxjXMkXpp1PMlIKhQkApPHJ94gZVrl3r8oGWrIpXXyjVpgkWpKiuRLnXe8Sm5Ol76BXOK1pToCiaCuxzir/tTGDbljHc0OmBopytOz8Cq+NuI3HHxgafpMLosE7TQg78460noebIN2bLWg7Q4O4iF4QDiYqkibv4J02lYDBTjUqvhH30z3kkbj6H5xDNshAvJKSNYOG8ZRAsEZ+EMopiOTQYZyfZVwNPyjtGkFgM5I1FlDxeFiln9COLxg9tCOu0N/rBB7ySnahRHgXHlH3XpPdnqTsWk+YeAZOj5qmZCq4OGhxYuidoWWuncAfPCBKMFyMqk5cIFK1ZT5Z4t5pEctMOM5P4z6CLjo39ni8VtTw4vDVOi7JIFU31DJIBrtyHGIOpFcFo05PllHsPRyZM/mAbgo+bQb+78iUL05dRkTjuArzMONK6SmLpLCZacAAXU3KK9PsiQXWsPq7xhc5y8jYRiSTtJSwGlSmowMLlIWsuo+kSzZiEjN+R+cDKvr+EefqYaMbbM5+DozUpDGuwQ00To9Sx100lElPC9sgnRPR1EpIn2oskYJ+e3ZHUxa7eth2LPLyFLx+cNZeBciAzJlrWlMsdXJB1YgVJizS5ZQerQATRKA1AVMCo7h5wZo3RwkSSSADgN35ehjuwJCr04khASUpJy1q318TA0HZNLSJaKVAU6viIYDxD7kwN9cK94fgjjSEx2Q7IbrFfDLFEg/ex2u2qE370o91fNMMkK3YgRKniqkuMPZHiADBlmE5JDomMfvEc0gRzZ9FSSzWe0mn9bkxAg6RofJNnmJ+9N/1XYk7FE5E/WzQB2JpA1FQHN4NslrNFdXaEnIX1N5mF56Niil9nfPmEjiZWEObF0dsiAFqmS07EBR/zuCvCBr2a7Guj9NSwRfTNpvU2tsYcJ0rLWa2eYQMD1Zw3FoTibZUO1ol1xvT5iccKCCJemrKKC0SG+K2K2axsjaA/9lhkW+QmokzHOHZc+KjAOl5shSSVJKcwFgB+RMBi1WRTXp8g50tZY1wdxnVoKs1msq2KJche3rbxfeHPjGuTUbO5TtI6PlqJuhJGLJWk/wCl4q9v0bKYJKrp1KAfmAfIRrtpsSAXCSmmF4thhmISWyxvQWcLGZSuWv8AxIEZSKmTzdFSgTcmgKyvAeQZjwgH6LPSp0LvfdVXl3o0rSFllAXZlnmMKdqQ4w+EnyhGdDWWY4SJYIyvKQw2JU3hFFP2I4iOR0jmtdndsZhSQT4hubQ7sekEzCOpVdURRKybu0JUSSk7HI3QLaNAHAKJGRWbwH9xAMKJujCirttxHEHDmeENpgu0XSzaWY9XN7ChilYoQdR1bQW2iDpNpmSWXJdSHdSAX4ij4RTbPpEhIl2hHWSvZL1SdaF4g7POCJNqMrtIWVy37woobCM928jOJyQ6Zo0v6NbQFoXcmjCYKLTkysinfSArQlctRRMYLFArB9ob9b4qUnSIvdbKUErJxwSs7fdVtwOB22jR3SFFqT1c0VFDkpB1jZHO5Sg97RXHLgNRNlzkmXPY5EkZ/EMvvYGK3pz9mYUb0ghL1AXUcCPIjjBOkVKkrZeHsTBmNRG3Uac4Z6H6QFBulV5B9l6jbLJz1oNd+MO5NLKPAtvHkpKP2ZWsKeif1ty3wZ/6UqIvLmBBzQnI6w702RrVi0shY7zgZ5h/1hygxUlKiCEvqOFdrVjR6m/DJyi0/mRkNm/ZfZ0fxFrmHHC7Tc4c8odaO6GoQxlyG2kJHF9e8mLtbFplOqYUgA1q2OGDk8oU/vDKUWlS1rzoGO+rqG9hD9yTMox8IAVoZEus1SAdSReVsF4sByMdTrQbpTJl3R7yiD4kgDhA1v0/R/sZI95TrXwJwMVzSunZV15k5ShrJCBwfHeBAxchk8eQvSmlZaB25qlHNIFP8mfkYrdo0oF9yWreTT9coE+tkrUTZLOCRQzVE3RvNK8QdkdfRp8ztTFKOulxA3IABV/c0UVO3Irq34BrSujrWEjUDdfzVCq0WsYIDDWBdfie1BtsQlJolzrWbiRtCcT+qxHo3Q6rQaK7ALFbMCcwkZ74dJIS7YrSFLUES0kqNAAMfVuMWTRljRZhenEFYLnMJbIa1V4QwmWeXZOyggKKXK/aZ60+dNsAWSxmetyDdHdvDJ+8dQ8+cZu4UiJMidb5gLESx3U8e8dpyi36G0chAAAISkBgBn88+UG2WzIQkJl1GvAqVu/TBoG0jbCkdWhlLLlRdsvAN4PshG76GUbbZ5a1qnLEpBZCBeWrIDADeSCdwGuPrbMSsiUDdkyheWRkEivHLe8Qm1dXKKUa3UpqqWQKtsDMMqCF2kbUbPKUAApTgrJwC8UpUc7uJ2sM4K3wZ6WxV0vt6koUigWshSwPYDdhHAAU11ii3xqEWGVLVMvgJM2YpV4qW4SXqVNiqqccNkc/U0z37JzT8o6I2SOObcnctp0uR3pq5h2kU3ABgPHbA56SHBIO9SrvkXgmV0PLA2m1Y+yCB4k/6YbWHRdklMJaAVa2Kidl4pEckrI70IZVqtMwOhg+oPjtVEiNCzKdZMxyBJ8mHgYs6hLaqkoG4F+JVSBl9W7BSz90AP5mEbHSF9n6PgsFqUR8RSjk9YYSOj9gR3klahrWW8A3jE1msz0QgjbV/KG9m6OzFJFVJ5pbcXD8oW7ZmooEstkspYIskkjIE1/8hB1l0fIRhZkAnC6CfIxMjoepTXp00blqPiDSGMroeEs06be1maW5EwdiOUEBJWQGKE0wDzA/+RHhHn00MEzEIXvIJbYSAfGHZ0CwYWiYT98K8CTHx0eoCqjTWXG4h3g7FUoiUzkAOi+gHADtJHAEesL7UbxP2kmaQ3YLBQ/EAfOLOJKXrLG8FvQR1MkylJYgl6MReHMg+EZGeijT7OH/AId053XHkYTzrJQmXeVi4ICm3gVHAGNE+q5f8uYDTuqU4pqFW5CEekZIAeZKujNVdeN7KGUmHTM7tVnAdaDdc1UgOgvktPsnhAtmWqWsFgi8WrWVMGrYcN2yL5P0chVaKLYiim8ynbXdCy0dHwokSy5PeQQxP+lfgrYYZTA4i9GjVpKlSUuk9+Ue0dpScFeoj2VZiVoKFXFeys1wrcXrTtNQ+qsFWUTbOQntXXoB30H4TmPh8sYt0pCZgCyAL4qpI7K/ib2VDMZGFYUxXZpRmhUmcguBVD1T8aCcU6uUV3TGi5tmNxXblkPLWMxiGOsajUNGgWeWQ18dlJZK01Mo5FsbhrTyyZqs6Jibky7Ub0rGN5O2mGIpsMBRtwZz3szvQekFuLxYt2ZhzBPdmDNO0VG2Lfo/SUxBZTgHbeDHAuMUnWKjPZGNApF5KGIcllNTX+sxBkizkIC0JcPUE1QR3gTiN7Z1BiE6MZbXJVVNWfAZNSoi9KbCoAc7wS4bYXG6Kh0hsNqmJK0KXIfMVRvUmpSzVYkDUcYt9kWkOZbsKrlYKR8SMiNgcGGqTKWy0EucFCgJ1LTg+w1icc6ZOcl6MCtOgdKzJnVhE5ZNQoKF0h+8FJIS2+sTSOjsmzn/AKuembOf+DKPWH+4ivinfGv6T0UtSSi+EIwKE/wlA1cgdpBfN+MUHS2hlynTZ5bEiqFdorHwzfa4EtqzjshXy0SwQotWl5iE3UXbPLyJCSv+1I7KN5eK5P0oVm7KEyao+0slR5OwEGK6OTVqeYClL4KoR/bnhRTscjlDyxS5VnaXLTeWRl5v4fKK3SNi2AaN6M3RftJFWJSPAE4tszg9dvcXkAS5SKA4DdTyHEx4tz2pymoWQk4DMnWTheOukfWWwrtBExYuyk9xAwDe6MFLzvYCsDnkNkuASxaPXPUVHAkEvR9RU2WpAx8Ye2aUL/Vy3YMVKLbhsfUB5Cpk2aADLlpFKFqhOsE5rrU7eEdyyJCesXkeykCq1EsDtOyA2NGJ7bpvUpdmLdlOp8ydZxOzjCuy2ckuSesU96jlKc6e8TdDZM2VZpxM2YkKBxdsTewfYAAKnbvHtq0nLkJUSbspIct3pym97JL4ADOMkBs+nITJQJsxyr+VJSagZrWrAZly/NmoultNJJ7SgQHuy5R7Icub0w1JJNSnHXC3T+n5tpUStRCHogUHL1MKI6IQtyc1SpfSDbTpFawU91HuJoOJxUdqiYAiaTKJBYE4RP8AVk33fEfOHuiTTZsItKAcHO01/wDEnxgiVJmLqmzqbM19SBCGXp9Us3ZfVJ+FAMxat7JLQyQjSloHZBSlqFTin9wCfB9kefiz08kOZGhZjgquS08z4AjxEFITKl4zxuDH9c4SWLopPJHW2gFXtMDMI3OyB+GLFZtDSUDtJXMVg81RYjNkpYAcIDDc9TpuVLU3XJrkRXljB0rSCSX61hrMsh+cQonIl9lCAHobsvDY7QHNtNwk4DUQkeOIhTWuPTpBSmKZyCM3SaNqIjhekphU30hIH/t1f8UVS26dCqBgkal//WK7pC0gnvNtfCNdmVOJponzr1bRIOq9KII4hRgsyZ6iT1kk0cM4L8RGJTZh3j3k0PHIwbZNKWiWxlrVMTl2rxGxsRweDcXten/CNQtSLWiol9Yn4WSRyLGF8y3gAGYFy1ZXvmGhDo/pHMKXBU75EqrqINeR4QanpGLpKgkg07T3TrBV7J2GJuoiipyGg0ohWJb4hXnT0jpU2jpA2gKa8+w04QpnWuyrYrQuRqU4Uh/vBwBxeJBY1lPZUJgxCgtjx/PnDp+hbe0dT7GmoQwPBOdeyxTyAgOZNmSy0xHZNBeph8Vabyd0dyJsxy4K2NU4LSPumi07oNWgTEhUtTjMB3B1EelDvgZBxFktcucWoWxSrFtVaKGxTHUYIWhUmqAVSyapJzGYJqF7y+TkUgW0WYEB5Z7PtIqAd3s+G+IUWqcl69Ygi6bveDCjgu6eY1Q2QrihrMtKrt5C2GS2ZvhmJy8t2AAGmApJTgoHtygS6fjRs3a+YVotiQUqStgzAsVJw7qkmoHF9RAhNbrCFstKkomJJukF0K2JVik1P2a+FIoticcjCfp6YllJUS2sd4Zgj8wRlQmGeiOl8mZQlUtW+mdPH9YRQbbpVblE9JQpu8MDqOpSecJZ8xySk3fI7obA2Rs+mLcEoStCnKKhaWJG3Go1g0x7sL5XTFKixUETBiod1YbEg/8AI2xlti0/OlHsqIbI1EGm0Sp4dIEubq9lez4TtBunUDAlSvyaM0jV7N01YtOYg91Qw56thh7Y7RInC8m7XFNAX1ga4/PqNKLQrNKhQgviNYOEPND9LDLVV01ctUPrb5Rx1OlmtxLxlTl9Ga5pDR6Vi6vs49ohwdTnFsMOcVLSegjLcWZPbOK++kPRks5B3gjbBeiulqZgosXvdOB3HHga74a2PTkkOyLr43Mj91jzAaOVdRVpuzRR0bq5SLJoFSS9qCnvd285mK2keyMk0zdsIZzZy1m7LF0CjjIahq3jhri3otkia7Lrgaj1dLcoiXoaWf4V1BOJSbpG0CqX5R0x66MudEXRcSpS5iZZapAahDAZOR5DF9VYjmTVTClQZw4l7/aXvDM/AQ8tHROoCV9kawVFROKlFogmdGJjKvTqqobqfZHsitBk+QfMvHRCvTfkSUZeisW7SqJUpaJamQf4kz2phGKUnJD4nfriiaa0wueQDRA7qfUxpFu6BomfxbQphRKUpCABscFhHlk6M6Okl1JvtiZkxxyCB5x0RrU15uRlSnLVjKrPZlLN1CSo6kh4dWDolaJnsEB2wJ4EgGv6cRpkrSFllv1VwNgySW3EpIgBfSNUxRSk3jleOPNvBoL6j0BdP7FNm6FhKEpmEAO6gV3Sch2UXlGmT5xP+6li90/hmf8AyR9adMTbpS6E40QxPm3jC36yne8rmj5xPuv2UVKPo1uypsdkQBLlpAzKRjvVU+Mc2npZLoRLWdfZpAqOhkxZebOXvJL8OxSD5HQfsm8skblF/KDjfyBzigBPSeYuiJRbaoIHhEH1tPUohMlDtgqYF+gpDJXRKUkE35gOpMr5pMA2vo0pnRNW+pRY7KFIgYoKn6B7ZpC1JSq8mWgAVIueIvekVmbppd4X1SyK0AfwYecM7R0emE3VgV1m9Tgr0hdN6LThRCQrYgl+SiRGxiFTaIpmmUt9nMTe1XFpPqOMK7dpSa7zELu/ECfEEGOrbYbXLSQqzTwnWUXg+t0jzisT7MXLB+DeDAvBUEZzY5mWiWtyiWh96knxV6wMq1mURfQsby4I3/nCiWUJPbCknU5QfEGDFaSADIWttSq/r8MN2gKqNrJpQE9YiaaUN6qk/ePto+9zEWmwWkTA6UpmkDtdWpljaxotGxTlOsguM/sNsQVOtLH3kMDuKTQjY0FCX1ShOsc8Au91yhSTqrRtTxGdJPX59ysajt+f8LhMXLSSULVZyfeTdQTqOKUnYXB1RGLXcU6wZOqbIoAThfl1AH3XSdUL7Ppdc5kKaRaGYX0/Zz9QcMEq4t6LBpy4ShcoghwUg4a6EPXUXB2xKNGaKOrBlxl6fnou9elNolu6JsvsrG0ajrYka4smirRJtTrkTQJgAJLMW1TJfu/EHGPdjLpVpD37OvaqUoU2sDUbncZEiJkWmqZ0hXVzQeyApgVZhC/ZWxwLgjB6xRQb5Jyato1ybJHWAKBlzfZUk0XuPtHYatAukNDhSheZC/fQGd3rqfY4fXCDQfTSXMT9HtqGW7FK0s+otgDtGOoRaLJaigd7rJRyJvFjkr3h/kNsJbFg2V7SfR1CW6wKAw6xBY8QeyrXVjtMJbX0fnBJVKJmpzKKqA1LlknwURujV0oQtF6WoMcU0IbVCe1aOk/dUDRWDfDqZ/yMOhMrmOW2z3lXJnaIHdLgh87pY8UvxivW6y3MCQHZleh9GB2RuVt0d1iSmehM1IpWqhqulVeDjY8VDSXQuUoqVZ1KAGKDgN6VhwNh4RaMhGjMJqC2sa/zgcqIi02/otMQeyGdxqfmWrqeEc2wqQWmIUPDk4YxeMkyUos9l29KhdnAqAoFjvJ/3DYTuIji0WcoAUCFIOC01G45g7DHJs8s/wAwg/Eg+aSY5kX0EmWoHIsQQRtScRvENZCZNEki3FP/AD+iIsVh6QKZ3w9o1b7w1fFzGcV65Kmf9le17h8ynxG6IZ1nmyiCQRqUKg7lChic6MJ8lY15Q4NDl9IEFkzRdJDhWsfCr5Ujr64UA0q0PmAsnk7keAih2TSAa6WS+Sg8snWQKpO1MTTwkM7yycH7SD91Yy3vvjkfQR8HTHrvZeP3ttknG8RrYEfiHrE6f2ikj7RI4H5iKHK0jMlByFgH20KYcw6TBEvTMlXfKic76UnxSH5wj6GL5j9hvi17LdaOmlmWS4NcKsOLebRDO0/INApX3QsEeMVVZlL7iHGyYknkQDHIsyM5SxwPokwV0cF7A+qb9FhtOnJV0g3tjofkxhZaNOIIYLYbEAb4AKpScEh/v3T4gGPhpEjCSlvi7f8AqEUj08V7EddsnOlE4pKeKPmTH310v35f4B8oiTptYqmXLTukJ9Xjr95J/wAP/wCpH+2K9pehO6fpGXo0JJvLJGIfEHeIGnMkveUdgenGkR/vNZn7Rnp4TB4NHY6V2I069QPxB35iJ6F+dco+RpUJLLTMA95/mXgOdphF9jeANQaGmRZ3hlLtdnmkdXPkq2EJJ9DEOkNEj2paFbqcqGAMpK/AIdISwW+kIBOSkhLfrfHsyakV+ymH4Vh9rg/OFNt0LLf+GoNVsfEGK9aLHJCiLiP7kuebu8YaxaDb0+6qWXwJ7Pk0V7SthTOUoqs5UM1IuqB1UoX4QntlpnpDyphDeyVHkxPg0Llafmv20scyACN+RjO4ySJbXoSRUJXMSTiFgqG4g08IR23ormgg6igHyh3L0stgUhC9gUQQNxMLLTp9+yZbB9bkeogZzXAe3B8lctWiJqDdZT6m9MYBdYywi7WXS6FUUQoal15HEcomtWjZE1LkAbUl29Rxg/FOLtNGfS33BlbsGnGFxfdzBAI/CeyfCGtr6q1IeYO0kUmyzl8STkPDERFN6KqxkTUTPgVQ8HxhOqRMsywopXKUOR4GhHGHi6c3eD2TkpxVpq59PsE2WXSq82BBxzwOMeC2EkuAFGiknuzN+pW3XBE21q7yCFIVig1uqzA1jVsgOdNSe8Ck8x8xFYt+SUkvAcvSvZCJwM2WKBy02TsCs07DQ0wh7oDpAuQzzOtsyjVTd0/9xOKSNYx2xULwzJpgoZbNo2RwgLlKvoLHWMDs/IwzjGXImU4GzWXpMEF0zGFFMCMD7QIotJyPCGU3TaFGpZw7YJXtB9lVNYfXGK2S2g0H2a/dwSScSk+yTqPZMMLJpSYkFKgo3cQchk2ry1RCdFrgtCqpcmsDSqQQm8HOAXgdhq4V+ngyVpGRMpMTcXgwo2tsiOUZrI07fDEBaDUpViNxFR5Qys1pCkgy5oy+znVI+5MGW9+ERV1yXai9ovydHqugjqpydTBKk+hGykCWnQyFBpksJCh3VIdI4Yj+1xFPGl5kpbLvpOROrUFAsebxYNGdNVAFE0BYLVYhteTg8DDKQjgxLbOg4V/LRjUoUCnzpwhFaugvulBGoKYjgWjTZVus80uhdxeAqQ41uzEb4kMhblxLXvDEvtPZNdsMqlhXEx9fREOAmaAs+yVAHkWfhHUvoxaZThILHEAghW9KqHxjULVo9JBEyz01P5ioG+kAStBEVkzZktPuK7SQ+0O0P3AYIzWdoByypRSo+72fCo5NHA6OTEDsLLHFK0Eg72cHe0aLaLFaRRSZczcpL8lU/wAohkSVpLMpB1AD0BTB7jQvaiyiy9CrT3bstRFerWSFb5ayKcW2RBaejq2cykKL4oV1auKFdnlGrSZE5qoSpIGJlgn/ABY8WiT6LLbuHcAAeTJPOD3mK6CMTnaAIpeKTqWgjxTeEco0JPHcr9xVeVDG1TNGIZ1dYkZOD5FJHjElm6J2Sal13la6pA/xUkxu+B9OlsxI2S2OxTPJ1EKPnEn1facVy2+8hI8xG3yP2aWZJKkqWBrC1U5LIiT/ANP7N/XmNw9RBdYCpoxSyWNRqoI3JA9CIL+hp/pn/P8A3xtaeiViArf3/Z1P4SY5/dKwe4vmj/bCOdx0kvAAm024+3IbmYnkqmkgTSlmrelpWDzeBrHotaKomYUIqk72oDD2wfSUmoStOs5cKHzhLF2xLa+ioWVFKJawcCkCWobmpC+ZoK3yP4FpnJ+FTqG5ySG4RfLL1ai5l9Wr3kmnEUPMQwBIArsOo/nGsiTmzI7V0rttmpaZaSPeKLoPEU8YiHTeTNDKRjqIV4H0Ma1pOySpgACmUMj2gRtBjPukvQSUbyzKSxwVIYEb0qx3AwLIaNS5Wp0+SzylhswFFBHAhoTWwFXdmkZsoeqT6R1auic5L9TMTMbFBdKxsKVZ7oRTJ65aimYgpO70MZxfgdSXkInSpo7RdW2h5UEfL0glYuz0g7VBlDcr5x1ZbW/dU+w5QfKWlRZaR+th9DE5Sa5X9FUk+GL/AKkRMDyZgPwuCeT1gM2e0SlMKtkDX8Jryiw/V9lViLp1glJ5H0eD5GjV3bsu0Bcv3ZqQsDcaEcIX4lL9X8r+w9l+P4KzI6TrRSZLB3hjw1GGdn6SS1ipKdigFji8HnQy2AMsA+8O2ltwZQ5GFdv0CsdoylN70sgjiGHlAvQnxp/Rh/8AWPPBxOsdlmVBQl80KKeN1m8oXWjQ6gDcWFDUf0Y9+ioqSeaKj8JERqWBRMz9biPWLxyXEvuiMsX4+wrn2dae8gjh6iI5NrKd2YyO8Q3Cz7yDtqIhKtaRwIPnHQql+Uc8qbXDAlTEqybZlwOUTSLWUslQKk5F+0n7qtXw4boknTHwkyzV6JI8AQOQiKZaSadWE8/ImHuvBOz8hMxSwOsSXTmtNCnVfGR2+MSJ0tMxV2tuZ37dpgSRaVILoN3L3gRmCDlsLwbZymZWWRLXmE9w8D3TswhZJW2h4tpjSRpaYE5KQRUKYjcamJpdql4hIQr4VMB/a7eUIFkoJKhUY3AQeJFOYjtOk0GjEH3qE+FPARJ0vRXuryW2RbHADpFc8N7Ox4MdsMpOkpyA0suD7qi2WXaHMcYqFlVJUKTheOJIKCPN4NRKWiqVJWNh9Q0ScGh1NMttl6TTZY+0cjDtodtgPyhtZ+kklZF5SEqOZBBpvin2bTE5ABVeUB7JAX+Z84OT0mkFhMAG5JQx4wFFjZF2+vUGgRLWPhbwBjsW1Cx3FJ1g3VeBoIqlj0lJUXSpAfG9Txf0hkm6cFkhjRMxKuTpJaNsWyGqjZx3kLDauw24pW0TDSUtLXVzy2RUlY5kmEyFoSWTLUWGJmAeFB4R79YhGAQnaVB42zWRYJemUguUrO934COhpxLOEEbVMPJJisfXicyDTvF1eRMRq0qk4rTXUk4atUFXM0hzaekEy80uWNbg88g8DzdNT8OpG9Tatbwsn2skfxFMz0pTVQBoAm6RQEuFo3zJyUnwcwcWC8UM5+kZp/poA1BzzAiH6Sr+ueR+UJ5mmkJ/nyf7UrXwvXUg8Y8/eST/AFx+D8oPbZs0bBZLCCG6okE+G4wWqSmoBUkDI1H4YR9ZaJB7CZi0DIgFttC8GWTT4mgj3akK2eIh0znlGT4ItLNLSCag+0xN3iDeA3HhC+x6bUgg3ryNQVfodrA8FAcYItc9BBZw9Lq3IO0EVwiv2/RxNZS+rVjdcKQo6mNR4QLXGXGy02q2omG4pJB3XSHFCKdrhWF+kBNlh0KvozYVG8Z8ecU6Z0jnI+ztCDQEBaTeGwaxuMcTelC5YSbz7FBiR+tRMTqQfgrTsPLQJVoA63szR3ZgpXUrMeUIdLaNKSoT0JmozvCnBQFP1hHs/TEu0PcIStqg5+h3iONH9Iig9RPwwrq35jbjHM5yTOpQVtFbt3RSzze1ZStJNerPaIb3ffT90vsivTrJPlnvBacNbbGNQdkaPpKwyldqV2TjdHnT/wAk8YSWxF9xOR1lO8lkzABn7qwOB2RWFdvTJyo22iqJt9LqgR5clfOC5NuUB2FEbiR4GnKCtKdHZiUdZIUJ8twMDeD5EH0iuqYFjelq1EfoxZQhNaEylHktVn6TzhRZST8SWVzDHwhnK6VOO0wO/wCYilybVNb2Zg3jyMepMs94TJf3BT1jnn0lN8r7FI9RJeS3HSklR7SEn4gyTzziKbYbMrtBSH+K6PFq84rAkLP8G0IV8KxdV4j1iG0C0o78pJ2t6gwY9Nb9Mrfn1FfUe4llVoJJqlJY5pqPB4WWnQya1rqL4woFsnjuoUn7pUPWPJlvtBDLMw/er5iLRo1F+4m60H+0kmaIUMIGmyFIxI5P5x6Zi1ez+uce9QqgUP8AI/OLptcslKz4QMZ3wg8G8o+XayaFI/XhBabMnNJPE/OOupQ/8Pxxhs4k8JEMm03uySo6qsU7mxGw+ESTJSmcoStPvJpwLYHYREy2/pnc59BHsuYElwlIByJJcc4GXofACEtGspOoj1HyiezzpyCDLWBqY/MQfKl3u0kDBylieIfKJrLZVTC15CRmoigGGQcndAzDiDjTFo/mIQsYm8huJKW5vDOw6QXNb/plAZqROUlxsvBQ5xYdB9GmZYCZhxD0HJxXfTZDPSEkILzlpvJb7MJf0aEc16GUGIkokAUnT3FSLiZjaw4KCQNxjiXNs57KLWEHABVnA81B+cT2hHWBwLidZSBicXxgWbMQgsGUpmJuC8Nxy41hchsQqVoqYAX0jKS+AVLYHYa0POIZugFrIAtNmUceySj/AFN4RAmzySX666dSkDHUFCjb2jm0pKRRYbUZbjmkNGyNgFTOjqkAPaZIJ12gkHg0Sy9DzGYWqQRqe94tClYKmurA2EqrudLfrGJpOiFmqlK4zA3nhGyZsUM5ehJIoudZyd//ABHszo7IUWvrVT+VLUR6x5YrBJTW6VHFr4blnuhmLbdDiSs5jutwYgRsmDFAMjopKNQmaRrVeT5JNY9/daX/AE5n/wDT/ZHs/TC85U2pwdn1MxaBvp03/wDEmfj/APtGu2GyNht2kZslXaAUk5ufMYcoSaWtlmn1UOrV77t/mKHjBmmFm6C5d4rnSbEbQl9tM4GQiggq0WieA4UJyGYXWvDVRy/A8IQzrZLmEi+ZczUaPsI17GhXYpqk2kpSSE+6Cw5QX0sSClCiK1rnlnDpG4EdttRSSCTqvJLtvEA2m1k0UQoM4WggHiMD4RzbT9mg5k1OZoYRyv4hjMYYLDEKQQRjSihwfygpOnRMTcnAKA7qsxCtGEcWgYRJxUnsqpNFgkaX6sBKySj2VipT8t0Fpt7kFTEHBaMCdZGR2wi0TUqBwbCJbH/NGVwltuvfEZU4vRbJ8lhlzFJIXJUHzD0U2Sk4cW+cGLFmtzonJEu0HJdHPwqPz5xU9FTDSpzzhpp0f9OhWd41z5xNXjLFhauskI9JdHri1IBUhYPdX6HAjaDC1cmcgsX3GngYvqe3o8KX2iMCqpG4mFWjxeQq92mBxrHT3nHT2QwTKt9Lbvoben/iJUW0Mybo3Ep8CDEr9sjLVAukZYBoAOEWWMnaxOV4kqLYBilB2uAeYaOuuBwWE8Qr1BgSYOyDnA6lGGUEwZMaqsqzVE2UrZeunkWgW02ScO96wGDBFhnKvNeLanjYtbFumREKHtDnHV04lzzg3SyQwiGy9184KldXNazscS5ivZN3cawwshWTdCys7SCP8qQy6PykliUgl8SH1Q6sspPXHsjPLZCOQbA+itGJJ+0TLLKGCQwP9inJ2xc7LPsMpAHUy1Kxe8wcULlQNa5QmtSiOtAoApbAYCpivEua138YVsbEtNu0p1jiXLYayAABqwH6yhQUSEhwoKVmSCz7GiHpAWSgCgYUFICsv8Rtjwtg3sHTby+4UMzOoqDDjXygdGj7uBSSdTDwdyI4vG+A+R9YO0YkFaXDvi+cGwLkP1fMowruEGStFLSL18J10fblBOkTcR2OzU4U1aoS2kuuuqMEcibdDqUVHByl+LhI3YwGu24sh8BRK0kgawFGG2j5KbwF0M+DfDHs5RC2BYXhTKBYK2JRaUKJPVOXf2hwOJ8ICtMpCy7JSdTE/rlFhXVZBw1c4BtyADQAUOW2CYTiU4ZKlYYIQeTho5+hbJn6/vgsipGURdUn3RygpAcrH//Z','Sevilla','Sevilla');
insert into servicio_estetico (tipo, detalle_Acortado, detalle, precio, imagen, provincia, ciudad) values ('Tinte','Tinte de pelo en Sevilla','Tinte de pelo en sevilla, las más novedosas técnicas que existen en el mercado asesorándote para encontrar.',14.00,'data:image/jpeg;base64,/9j/4AAQSkZJRgABAQAAAQABAAD/2wCEAAkGBxMTEhUTExMWFhUWGR0aGBgXGBcXFxsbHRoeGR8aGhgaHSggHRslIBoaITEhJSkrLi4vGh8zODMtNygtLisBCgoKDg0OGxAQGi0lICUtLS0tLS0tLS0tLy8tLS0tNS0tLS0tLS0tLS8tLS0tLS0tLS0tLS0tLS0tLS0tLS0tLf/AABEIAJ8BPgMBIgACEQEDEQH/xAAcAAACAwEBAQEAAAAAAAAAAAAEBQIDBgEHAAj/xABGEAABAgMFBQUGBAUCBQMFAAABAhEAAyEEEjFBUSJhcYGRBTKhsfATQlJiwdFyguHxBiOSorLC0hRDY3PiJDOzB1OTo/L/xAAaAQADAQEBAQAAAAAAAAAAAAABAgMEAAUG/8QALBEAAgICAgEBBgcBAQAAAAAAAAECEQMhEjFBUQQiMmFxgUKRobHR4fDBE//aAAwDAQACEQMRAD8A9XSanj684zpU85X4kjwKvMQ5lTKq4jyEZ2yznmKP/VbokiPF9r2o/U34Ftg3ZS2nD5if7ioeYeNEv/3yfiAP1+rRkZc66t9CnyT9VHqY1syY5lKGY+oPkfAxixL3WvRpmjMtp/Iak/zOXl+8cSrbVup4AwOmY6kncodD66RZJNVHUv8A2gfSPRUv3MdA1oU97eT9Y8k/jCZetcoDKtTvLR6dbJrJUR6f948j7XnPayRWgA6FXmAPzRlg+WW/RM24lUSV4BSRkP8AFIAHUuYHs3ec4BIH9pB8x0itU4BRb3f0A+pj6Up1KGhu9KRaKou5DSSp5iUv3j4gAeJIMMOzyAsqNQcRu2fqG6whs04koIO1QjkEqHiD13Q5vAEgZFRHA1HifCDJNHJphXacz2U6Wt6TbyFb1jCmZcXvzndEETglbiidlTjAe4TvYKDbrukfdroM2zqA7yFJmJObjTiyRzhX2RbAoXSXCkuNAHbr3R+QmHrlBMmnUqNpOmOmulRiz1UnkkkfljFW0lExYOKWUk5tga7yVHlD/su2lckPlRWrpXdPNQKjGe7TV/Mc6AEbmKG6oV1idbaL49MItqHF4VfSmOBLflHAHhELBOugpOA2hqxxAHFi2pAimTaKFOIH+JwVxd+ogcTVIVqUn+oYO++of590Di2uLLXWxvanChMDEKoqtHyPBYpxAOcU3QQqWXKZgprVhT5nAVuAeIybSkJ+KWoaMbp00IfDHLKlE1JYofaTtoPxcPxAEcQ0JFV2M3ossyypFxXfQWPkCOeGgUiD+z7SHCTgoMXw0IPDHmYUzJgJChVxwcMzdC2r3dBHxmsaF32knUjEbnAfilekNKLexbVUwK2Smtib2aC+DkihPgIrWa+sb1/xaCu11hU2TNGBx5VIPR+cK1KYastI/wD1gAc1AdY9PC7gjx8y4zaNJY5wUZh0F46OyQFfr+LVgd24v/0s+rEouHCm02uACn4gnOMv2ZaiFDeG3EgBDEaXlN11h3bZoVIVmDLUGoSWS5rqwIfeIsSL+yJ7pvml6ZNSkcApAd82KvTwmkliuYtrzkjFrxXeSd6QU10uk5wP2daibOmuE1z/AEl+VSeRi20zQlU5OAL0xLBOG8kADPBOkBhIWk+xUJiMEFkhyMP5gSeKTNfgnWGfbyhOlSlg0chKiWYkBaDTAt7RB/AdIX9oLDXld0C6s40ZJEw8FJBzcXxnFdgm3pM6R7wdaAcLydujb74/O0NE6L2UWuWPaFYp7U32xZ0kKQNwWFAbhHyQ0xHBhu2Akf4RFc0KGYKCVclYvzAPM74pnzP5qTolR8VDwi9mpNUSs6SF4VBSH33XHmRBSUi9NUO6AhAOBF26H6hD7iYXypjqmF81kHN7qGPVUGKn3pD5kjzxPFKS8BMFgMhR9ommFCOKg/n5Q0tDELD++R4BIPn0MKLKvad8x/m4PgIOVPBXNBFFMsbnf6KV0gxejlIFtVAFgYpFBT3B5msAWYMTxbk6T5QdbJpup3FaTxCS3k3KFsmY4G8ufXCFb2TctnbXMLjjT8oA/wBscm5AN5afpEFG8oequ/0EU3nfjpuaEZNs/UFnXUj1kPpGc7PXtH/u150h/Z6V3NzDuYzkiWy5g+dJ5Agx4mfwUxeRf2iLpU/oN/4mNT2PNvWdB95AB5gV8Izf8USmK96T4S5h+kNf4TtLG6cxhwYeIPgYhHUq9S09ws0Ek1NcCroRTzHMRZImUPrKBki6uZuBPIlxE5Zo3rMfSKtkaE/ak5kL9aR5Jap3/qidAT4P/pHWPUu2jsrHP+39I8hK/wCdM4D7feE9mXvyfyNK1EjLm1VmXB6quwdIWy1jVb+RfxhHLm1WdyT0JP0hrLVtDf8AYfSN8o0LyLJExigfCB4bJ8IcKtLEKOFHbRgPv6MZ0ra6rQlJ4kBR5G74wwnrw0KS54Vpv2n5CBKNsKkaixTjdODgEbnSoF+DJjKWdPsLQZVbiZhu/gUSpI5bQ4mHHZlq2mOFFeDHyMJ+3HROSvH3VcUHDnd8YGLzE7J4Y/7JtN1c1KsL18brwZTdG/NANsUVKunN0k738r0st+OK5cz+ahQOLpJzY16v4CK7c7jU+BDDHilA5mF47tFYMolT3SlZFWuqGbYEcmPNCYumr1qzg7wcx4+mgRSmVR2mbTb2dvPm0TT8Ogpm6TmOGH9I1gteSkX4CZCgklBwVVL4PVxzd+JOsWhbEJOXdOY1H6YUByeACHBQcciMjqN2f7Vukzb6QcFChH78AQYnJeR0/BZaUZpoDUbladaEcaYRCVOvBt7jMA/UHxqMzHUKJBoN6dcqaK/bcRZiH2011ano5g6jR4ZK9CN0ctYdJS5ob6ddFDjiIXTZhN5swG4gumu+nQwxmG8HGI06cnbD4gBCcrF7cac8j0cco1YNKjD7St8gtE0U3N0ILeKr35YcWK2ZVIf6MX5F2+aM4k93XuHjiOVSINs82tc6/fnUjmI0GRHZAKEzAKgKChxfunm3p4vtU5pjviH5lSX6CBp9Fg+5MBQrnmN+Y4xC0qJSFYs78c+hjgoLM43UjFkBJBzBVdNeT8Ruhcm1GVMQoHBq6gHPw8dInLmOwejNyox6mBbQCU76kebcKkQUB+obbZgROCh3FJPRzToYrmL2xwU3BVecC2eb7WWE+8nDfk3rOISZ2yAcU4cDTwNOmsOmVU9FkidjvBfkUhv7fKCEzWQE8OtQ/wBOZhfLLKKdXbm4HiRF5Lo4D7wTkzklbGuRw5xf7Zj4csOjQGovXX0YnMLga586HypwjrOTLVKopORZQO8D/a/QwHKJA3/vBMsuGGIw9esTFJSHbI1G7d9I4DKpSqv61iMsUOVd0Sloy3E04frHbGWJHHzgCn6ZkChBOAbpR4RTUNNPzAjnWvUNGktstnPI+X28YRdoS32hiMeIq/gaamPGzroriB+35QVdPxAdClaYC7ImMQfzDLBw3RR6Q0thvSLw91j/AEqvHoARCqxymQX90KSeCSpJ8oyy7s0R+GjYzSCi/jssfXWIlVfWpgbsS0X5IBzSyhxofKLZrgh8fX2MPJ2rJJU6E3apd+Lcqf8AlHjNp2Zs7l/l+se0drpofWJI8jHkf8RSbtonHIsocCQYb2X42mX/AACeQKq3j6184ZSld08PFx/thdKoRwY+H+2D9PTMzeYMehIkiU6X3hniOIqPBhygmXNKpYapAvJ4j9CRFNoLEKbjzybmRH0slNBVi43g+jC/MYLsM7BsjTg7+IfrB3bsu8m8kOaLG4sMOdPzGEUxd1YIwP7+T9IfWScFounKnXA+Lc4X4XY3xKhdIWFJAFKAJPCiTwonqdYItpvAKGfn68b0AyE3VKlnIuOB+xY8oJv0INAcc2OfFiD/AHQZI6DopmAkOKKG2COqm5i8PwmPkm8ARQio/wBSH0xbceUVTCoYd9Jcb6YcMf6jEkENfT3VVOLg5u1XFMK0GbR1Wiqey5abwcUI1y+U7qegKwSut4O4O0M96eOBHoxYpJG0McxqG3U9Uo12pYBr0JoCBRlaaP7p3Ow4jWXrU4vpxao1GreuWUVId1oxzGPXUGjjni0USlKSTjShfEHQjzyONMTar40UrUVofhObb/rRS8Kegt2ihKgKh20xUNz50Yg+8ADiKre1U3FBYqlVXGv7P0IyhvOQ+0M8RzqOteb4GB50oLSUZKqDoRn9xzwJisJU7I5I8o0KELckas3HFP1TzEES5tARx8a83rC4ul0kMUuCPt58hBMo4jmOOfI4xrPM8jFW2kh2fz16t4aRSlZGL1oobxT7H80RkzGLesPqH8IstaMTwP69GH9McEplpZk1IbypyP2iRS+dX8dfGKFTKBXEHp9XI/eLhSrjjluPSOALy6DeHMeusX2kP/MTV6kYY49fPjF1rksTT19/oTugZE24a9005/r9DBCnXZAmqSDiGB8vFoulKD8cjoR9CPKKrRKYN7pwOhiKVOWOPp+h84Yc7dy18D6bpFiDkfX6/pHZwcAjHxf15xWgvufz+2XKCcSdjx9eucXXbzg468c+beBioh3pXMfbdmDqN8Skq90nDA7vrHBKpJu0PqsRRKIdt31eCp6MxlEbFiSOYL0L/URwKP0/MTfTUfKoaHDzpzEIbpcg95JYjePuLpHERppktjeyNFeQP0PLSE/bVnIInJ/Cvj7qj1IOgU7i7Hl54NqzscqdCuQLqig1SvB8GNG605qMDWeSyig1c3eqfrdvfnEH2iSFovJ6HI4FJ8j9iTEZafaA1ZbMXxBFQW1cP1yEYmaUwD+GLQUkyydpB/tOf9QHjGhtKfDyzHJzyjJdrKMidLtIDBVFjQE7Y4hVeCTrG0Qy0BQL4fv49DHKLcaDkpNSE9ql3knp+v15R5r/ABhYjfSpu8lSeaTTzEeszLOx3K/evlGW/i3sorkqIG1LN8flDK/tN7jHY21KxlJdHkKU+vH6wYgEpycMQNcm4lyP2iy02a6rChryOXF2EdShuGfkfMHgqPS5XsWqJ3QU6jB9xwPlzIiqW4BBxT4pzb1nBNlTUoOOW+tQ+/I6vueE6QQQrMeIw8cxqMsYHmggS0mqNKj1upyaLezbWyh0I8n8ucct0qgWnJmONMuLEsdQoaQOpu9h8Qh6tC3TG/aKSWmDgedHPlpQRBSnDvoFbjkrwAPDfHbHNcVIINC+HXLI7mByMRlpMtZScC+NHH0IwOhY5wqGZCYk4Z1beNPIjpR4F9rcN73F4/ixcb8fFqiGM2UcBUju5FQB7v4h5/iMBlLh8Uq8DiD5HpzOuwpssTPut8JDpOXBxp5aihvue8muZ1fI+sfJdLVcdK6oOIwY/EnStdx3QZLJQWJ2TgQKHgPNORwyELKJWMi0F23Bgd3wkZp0GKcqUjiXTiNxGIYjDeGNN3IxalD1Tji2u9JzHo6x1BBor8pw4jhXDVyKu8/qURQvZ2gSUq5kHI8d+eBiE+XmMDWmI+ZPDHg4yEEqlEHB3yyO/wCrxQoXc6Y8Pm5ZgcYZOxWhT2tZr22BtJYKbAjIjccukL5E3PMej9mjQTpGg1AwauKTuOI+zwmtUi6bwdhri2YO/Gu7URpxS1Rh9ox0+RYTnl9DXrnyEE2dTi6eXXAbsfE6QBKORy8vTRbLmb8M/EevlEVMx2ahn0x6UP04XREJNCUk8OH6fWC7QHF/qBWuY6O3AawDNQQzYjA608iPTmOAMnccDga1xI8H9FgZ0kEHQ5aHTczNuYb4skTaOK0w4UI8uYG6L1ygReFRn0oRvFOXKOCLJKmdCsPVfuP1iM6W2Nd8ErRecEbQ9PwOn6xVLX7h/bnp64shovwfSpnQ6xEpu06ccD9+sSCW4a+ukTUmjHluUPTNv3CGHI1LKGPnqD584s9neFMdDiDEUJavI6viCPH0YsUGrnuwOhB4YHexjgkpU6lcRjw+v7YtFABSs7xBVy8yhjhpeHwnRXHGjRRODFi48xugjUfq9CXBB56fsYGmIZwoOkhjm4wflnug8pzHrURGbLChTHLcdDGSUbWjIpGWnWc2dZfalKxzpgFcQKHUMdWqtVnKFBSS7imb58y39QfSjyWQp5S6B2D4pOn21BbOoQkeyJlTKoPdPw5hjo9QcRyjysiS34v8n/BqjL8/3FtqsyLTKU2dFDEpLaZjDiGNWgT+ELYuSpVknYoGySXvSslPmUvdJzDGGVps65Kr6S70w2VjQjI/qQ2EctdmRPSFpdK0F0n35at2oODGhBIoYmsjX1RW01T6f6DiZI904HAwLbLLmWp3tCNeFSDxOkW9mWp0hEzHAEYPhR6txqMDvZFGRjTDjkXKJBtxdHif8SdjGRMUhtlJKkH5D9Rn+bSEqLNUoOOKfGnR+iY9i/ivscLl3wNqX/jmDqM+R3v5xa+zCKAGlUVqG90HUEAckYsqHjadGuE1KIgm2ckOnvoZ94Iod7gDoBi5BlmUmYm9nUkeZrq1RhQFsYOukgTEjaS4UnIhtpLf3D8wxFRLRZvZqE2W/s1sS3uqeitxyPAw7lYyQNMstw4Og5Z1o3EfXiyy12QoJzGuRScOI/UHBo1UghY3tUMP6h4Ap+lYjMsga6QwJLbictz46HdBWSmFwtGVs7JLAsk1BNWap43Xr8pNMBDuzyhMF1QZQ5lwONWAbels0wBbbEZKq91wXFW+YcMxv3vBMmUQxGWhyFWf5RUK+Hckgu2ntC8aLP8AhyxSe8mu+mY1IGOofmNarOC60ip76cvxpzY4mlCSdQdBLk+1AUkbY5BTYpIfZUNMm6UTLHe25buKlI7w+ZI3YFPlgEUmEzq7NeDPw6eNOo4AmqzOjZWHTQKTmNCnrTIu2GLa1WahWkANVQDsHL3h/wBMnSqDoMKJksK2m3KfEHMfXQvvSYZSsokQKSi6Xvy1VSoUr9FfsXDEGITeYYvgWYKo5BGSgMujju0yFGWS4vIV30Yv8wHxefFior/h7jEG/KWzF+hfJQOBx6GEkyiREIYMoOk4EY/v4F4+tFjcOC4NQR5/iGYzrzOlGgfaScSaPreGSxnyOcW+xuVDqlnHBxvIwemNHbL3ZOVD0IihixwwI00D/wCJ3EGoMA2yyH8w6KH2NPA5GNXarGCKBw1R8Sdx1GLbssIWpsrvLLlSReQc1Jz/ADClNae9DRy70JLGpKmZBUq6xHcJIGqTmDw06Y04mim1wORCi46Kam+HnaFkCRe9xTCYA9C1Fp4UIfFL6GM/aiZS7qqihpocFJOVajcY9CE1I8rLicGGWZT0fHPh9Qbp6xGZKxFHFRoUmrcnI5COyQyjWhqDTOldGev7OTNQQgTAGKDUZ3cGGrH/AEw5OgFmY4jMDQ5jfryzMGWYsQxfWmIPvAZ6kb+EfKlcGV3dOB5twfUR2UGYnM44lJLh6HAm8PDE145Itm2V9oDpWpyJ0P0hdabG6RMTw/Q+qcI0dnN0uWYu4xSU500DudxfC9BVosIQXZ5S3xrUCqVU7w8QQau8dYaMhJS9NTnkdDuOHTQRMShVJFDT7HiDTlvMG9o9m+zU57igNoVqf0qDwOBeK1bQBoVDvfMk+8PrvAMURaKsHko2iheLdRqN+B4jpeJNSk4VKWxB95PMF24R8ZLm6aKAdB1By6+fW1KLyKuCK76Yjj61hh+IOiXdJGRpRrqgahicjiMKjIxeZCZgAOIFMQWFMsa7qZgHG2eqgLOKkhsqFR3VIUNx+UNwWYKzpqA/Bxwz3NkI4CP1EQx4xwhi/Ua7xE8aaRB34j03CMzPPAe1LFfF9HeGXxDTjp6YKRakzEhEzgFHyL+uBh4kjLA+EKu0bA5KkY+8Nd437v2Pn+1YZX/6Y/uvUvjmun9iCpRRsLF5B68RqN0LrXZTKN9LlDYipA3jMQyss+l1VU+I3jd63RcElJqXBw0P2MYlGM1r+1/RTm4vYskTkrANKjilQ3enG8Q0ssxwBVxQP5E+R+sKO0+zVS3mSReQ7rlYHepGis2zybO7s+2pWAoFxrmNyh4frgIOeKW/I00pK0OEm89KihBxB0PmI88/iPsn2Mxg/sll0lnuKwYDdgU+8kjNKjHoEtFXGLVrQjf9/wBXjb7ImcgghwQxBD7qjwMeh8atEseThI8nXIuqK2LMymzArQt300IOYuqdjEjZ2wYoXUNhuUkfCWwyLjOji1WJUtRlLd63FZkB6F6XhvoRXC9cElSrpKXugl87qVHTMJJbeCxBYB5s9BSvYknWIoLpFRVID1GgavA45YwdJSFpAxSoZNUYuGoCGw3Uo1xkuyPs91WWj6pb3SxcDAgsGdxEyTLUaUWqopsTNNwVSurGgrCvodMEnWS8CldWcmgO4qT1ZQ5+8IRWaWZEz2R7prLXiCBVq+8nEbn5bYgUL45/CrBlDqN+FDC7tbs0BwRskuG91WIKT1I6HECGjOtMApH8lbh7iy2jKAoHOBA7pOIoTR4a2iTf/mSy00bTh2Vk7eBGIwOUDSJAUDJmiigQCM28iDUaihq0c7HnqlzFyVnbQRWjKBSyVjJlBweYORLK2rA9OitVnvvNlApmS6zJQxD4qQM0l6jN9YWTpIG0hgmlPdD4B/8A7asAfdVTBo1drspChOlsFAa0riFfKfCpptCArfY3SJ0sMHN9KqXSWvJWMkqo5yN1TkBwFJDxZnPZbV3JQdBOuaCMqjlyEXWZZlg0KpS++lnUg/Gn6jPq1v8AwwqhTlC6oJxBGVMFowLZMWoXtkoKnKhtpYTG99JomYkYOajiCMCBAb8l1XRJEkyy/elq72YIqy0nUDnRWYIJ8kXMaoIxyZnq2DYlnbEOnuh2W0iSv2cw/wAmZVKh7hLF6+6abxQmrwxMr2CqgmU9W92rhQ9PhrWMm06YeyAk+yNSfZGr5pIzBrhiQMtoEh71dssBOBZSdpBqA7/4qw3UNaEsZSQjZxlKZrvuuaEbtOadGslSbjSltcINxWVRhvSQ/IapeEc3doF+BFMs6VpvNRQIUnSu0nigk8ioVAjK9vdin2LCq5RdOZVLfDWhenE5iPQDZyhagrA4k5KwCjxBunIu/vxTa7CywbuHilVCN14C7+JIUaCK4PaKnRPPjUoHkfZ88Asrumh6M/gx1B1AjS9noJCkKoWKFk5e7fGTAhKt7E5iEX8QdnGRaDL3gpLM4xFNdNzQwk2kgy5qSwI9nM3JWzKbQOBuMtOsexflHkl1ks7KMqZskmmBuTBiORdvxKG+L0ILErSzEpmI+FZo51CmZta0eO9tygWWKMwVSoN10n+lt38tWsE2KeF7RAvdya5wZto192ineqSPhMdYaoJ7Psr0UXSC4UCQoNW8+IOIJ3EsNoBhJSUqMpaas9KJmIBotCfdUPhrcKiBQgQolzzLUSolLKYFQfTvCjpwSWwuhQZjefourSkElIJNyYGKpSm7qjQKTkCwcOC2CeCDWqwOi4GWlVUZHekP3WqQMAb4NABGZl2IylgOCCdk767KnwdmfIvnebfISWUlaQiaC6k4pdqLTRylQ03gsyjCTtmwg7TUI2qubpIF4lqkEJr/ANs1eKwHxtXRmbdZTeIqCNpJzqHIbOj0xpWPpKryCsYoqQM04KHIeQOdGttkkoST3kMFcCcyMHJCn1KjhCasuaGGJo4wOBSdQ70xw4Q70aKC1SMWOO0gir4gjgQQOYFGiuVKuOxFCwUapI1yd7tPwqbGGKbMBeA7oN9BPiCcOPHOITZYBdSmdwSTmGxbMpuf0nWG4nOJ+ineoxGP2iRqyhzia0tXrEZVKaxh3dM8o+fPr944sdPVYkUsfXSOgZdID9AANqsgO0OYHmIrsyg11VQeh/XdBk3ZPy+XCK5sh9pOeIyMeflxVPlHvyiqlqmQKbjZjmf39c03anZypZNokZ1WgVBGZSPMeeEO5MwMxqk56bj94+ulD5pzhajOPy/YaM3FgPZtsC0haTQ14P8A6ct3mzlEd4Z4jfCS3yfYKE1AeWo7WbP/AKT9hoUs5MygUmqTju3H6H9I7HKWOVP/AHzBNLtAf8Rdm+1Q4G0moYsaaHI6HzDg5IS74Lh1pG0Bs3k/GkYhnqMlONI9CSrLp9uMZ7trs0pV7SXQkvgCL2FdysON3UmL5Fe0Uw5K91iGT3bqqjI+9j5hsctku2HLTZAsHAqZik0C04lJDM+YORDEM8FzEBSb6dmu0MgcMC1Dy40rLvbJNcjnTJyMQzsatkWpKvJp5CmQMQrA0US4KhglZfBYLJVvA4QZLlAj2S6jBKtflPk3TdbMRtOpsnVh8r6FJGyRlsnIP8qR7r/hVXlwILBt6RvhXH0G5mdttjUgpxcm6Cfi93dtYVpeu6xDtKw/8RLRNlpBnyaMKe0SaqljOo20PUG7rTR2tKZks3hUbKwDXcoHXCvA6QlSoiZUtf2CRgFk3paxxJq3xo0oYuil2Wdh2xMyhcuA/PBQGT5hsXHGVsBs6ytnlt/MGqG77Z3U8yl/hAVyZZf+ahO0km+gUdxtM2RxYZktWsH2IiagId1gXpai201eD1+ucd52K9bQh7UsaUgh3lllJUKtgx3lNDvSMzUrjed2HtZb0yU9Cl80LDBzgbhhrLQEEyjsyy93/pqAJut8LOoD4b6f+WIWKksCWZct0qAwu6bwxpTBtIDbiacVSWww2RE1DJqFpvIcNQ1rzdxSoXSOdiWgXfYzKgUSTmPhO8YNnTEu1fZdoIcCrOtLDH3lgcQ0wDUL3xLtmzgLEwURMDuK3Ti41Dsd4Kom1+F/YpXhhsg+xPs1VlKJCXrdOY/CXBAO7EszWVLSseyXjig5vQs+vdL57JgGzzfbS1IXSYkMW6hQPPHiM4CsVoUkiUvIshWGpDZNi3BQq5Bi1e/P+2JJN/UfGUVoUlQ20BiNRViBmDXxGIeBVyypLHvClWqDg+R03gvDC8VpExH/ALiBUD3hm2fDN2FNqB7QxHtEVSUl+Dhxy8qCEl3yIwk/hML/APUXsgrlCckOZNDr7NWerggh/lXgAHxFgtAKCk6EKHxJeoG8BSi+rR7bNkBQL1StJSoH5qed3g6tY8at1iMiZOlkMpCvIlJYHEEEn8hj1/Yc3OFGXPjpjUzjdLm/si8RgUuCFEfiCjwWjSo0q0mVPSoUe6FUcO3tEK3gpJBGhVrEezbSPZoJZ0MlW9HdBI0AVLA0MfJ2pIHvoSRX5CVJPFkkdGxjX5J1aNDbEoKDNluQkAqS4JZi4ObhLh8xLfOkuz7SULMssUXRUs11WAVuIBTe91TFqKvCfw9bWCmzFAqoOYSRneAAbMy2zJga1gygbgKzIyOEyQoVD6gFKg2BKjwItm4TNN1BSbxDiUTQsCxkqfOhDGjgVbaFCSglIAJSt1IBcFi6Vyi9QpNUti6ECl0sr7E7TSXkqAVLWkLSpQ7yDRKlNmkC4rMBBP8Ay4YWxBS+RQq8TipKqXJrjGouTBgXvVwUydOzlSYjmrKVKlliwug4XkkOgljgpJagxDMXeFHakl9oVYh92RPAsQ/DMw+/iUstE5IIvJFCasSSoE/KsEPoofCIAthSQmYmqVAgg0OhCm3BKmyuqLvGjtG1bWijsu1FSQD3041IcAhxwrzvKg2ZKKg0tiUkb6EO7b1OOQhDIXcUlYJIPAEEZNrRuIfOH8me22gs94HN3N5OW9Rf5t0NF6GVUfohKniN1qdI4KGJGvKMPffZ4p8C43iOmK1Fi+sTJjk7OPnvCvOApUwoUUnDLSCUqZTa+cUW+W7Hpx04H6CM+VNx5LtDR9GdnyveTzTr+vnHbOsAfLpmn9Irss7I+Pl60iU1JBvJwzb1j5xnXfOP3Qz9GSmyAAQzoUKpyY/SFKJKrOrG/LJ8ND83mX1o4kzRy8t4j6fKBSUkOlQr+kdkgpxuOq6+X9M6Mq0yu8GBBdJwOmkdIC0kHA0IgOxH2SvZKqhXdfxHNwecFd1bZKFOX7gQmOV7+zXo/wCPQLVGV7RlqkrUe8PfGak/H+IZ73iicptoHZ10HurHCgPDdGm7Xs95N8B1I8UnH78RGasSKqk0Yi9KfXOWSfD5TuMN+KjTB3GyU5V5N4NeS7+RGjEA9N4aFkmPsltQ5xDN1ZwD/uMDSJt1WZBoNTRw75+7X3kucIrWu4sMdk7SDuVkNGNeBTC9F1G9Bs0AKdnCgxozhqpI1YhQG9soSWiUL6kKOqX1SWUCOF5Jfc2UOZqnAKcU1Faa15FVdRrCjtZI2FjZFActhRLcGvK5tug16Bg2uzlktBVUk3xsL4jaSp9zhWgK1fDFkhO0buyHvJFdheLp+Qkmnum+PeoBZ5oFrKCXTPlmmpSL4IO9My7vxiVqmkMXANK+6FoJx+VV5juVxjqY1DXtNN9PtGqGCmwBBdKt7GuGZDlzGdt6Ck3xRgx5FiN7EgvmlaYepnga3FJZSTiE6HekgtTAEBqwH2hZyCU94ig3kAkYZKQSj8o0hZdDYZcZGdlTTKmJUim0CA9AXoOFSPwqVoYfql3krkp0E2RwOKG1BcNoXjMWoMCnLfmMjyBBO68NYbWG3PJSv35CnO9JYLHPZVzMLONxtGuXZPsqa5dJ25eG9BrdPLoUqzMMu1LMlab4diHpiGZ65F67jd1hDa5nsbZsnYmAKGjGoPF7/ACHkiaah6HDIA510yJ4HKFnHpitu7RzsbtMhTKJvpor5tCPxDxcDGGyCErbGXN2k8WJI5i8eXKMV2naLqgsbJS4W1KO7tkQQ+5lDJobdldoe1lqlHZWg3kHQu9Nz1G5Y0hZ49cl15+Qs4Ju/I5Qe8g8MMCBiORHFow//wBQrOkTEzyNmYhlZ1CgFJ45vvOsasWu8oLwwChoQ+zyBWH+WEP8ZSwuzzUE1SpK0sNaFuoPWD7JJwy0/JPNiuFmCsw/lzRmKEbnx5KCYY9nzwpaXNFKIpm6wc9UkCu+FVlmM7Em8mrhjs69HzjllV/aoHkwGHFj1j22jzk9DSzzbincsFFCjhS9sqcGhvEB8gTDyfaLqUzCBsqKV5bKlEEUwAKgeA3QjmG8JyTiavneIu9SX5wVYZomSjL+NN2uD+4Tuql9SY4UjZFmTOEn3gb0kqYAV7p1StIY5OEb31VmtAXLCkgkJFalyghihRBfZuqBz2AoVIjDW6d7SWhbMsAVZi6aEnf9oedldsYTAQATtB6OaKcZe6r+o5wQjC1KBSZd3Aul8knZPA0CqYKQpORJUWVZ20Nk7GrKSTyainFMx71bu2VBBYPdxH4VJwOjBuaV/FCqfPUlZL1FcsRRQ6gkcorCWjTjej6aLq1J3uNXp1LAA7+EMLBaylCSCxqk0vYYODuYflhZ2rMBuqFMjuffqGPUxCzWgMyqDHWug6mHT3Q6ls/VpD/SIJUXiqXOcUwOHHTnEiuMd2eTRYoOONRHELceEQC/v9/vFcle0pPA9YRumg0WzjsvmPpE58u8kjUU3HIxA1SR6rHJMx0Bshn9YOraflAAbPNeh72Y9cD0gpEyla6/fjC23bExK/dUbp51SeR8zBIXWuIx0INP0jBFtNp9lnHVlyktgX0bE08/PrF8ia43eUUJmPQ54a8OI9ZxSuYUqdsMd+/6EZHiIp07QlF1usoUlsCKpI1b7PFUmZ7RCT7yD4ihHMHxEGJWFAEcR9oWrUJc4nKYL3AggH6dInlXGSmunp/8/IaO1QbfBbQ061H16RlP4ilGWq8kF0fzABiUjvJG9gegjRLPeA1cdf8AyPSFX8TzAJaJp92YlJ3pmMkDmsoEGL5fUfHqQm7VG0Sk0W5DanafqlQ4zBAnaJBlCYKpFSM7qheUnjj0TE1K/lkPWTMKRwBvpO8MAYqC9hachePFlXgngwbnAbRuii0TzdSX3FsiGoN7k9BC2fUTE9BzKinhduNoBErItpNS4SQCc6KqeO2RAqpgE06Kd+aQPJoTpjpAlsWoCzTE95LgZ1FU/wDxpEMO1EpUXThMSFp6BLNwIJ/CIDlTHQhJyWkdBTx+sWy7S8tL+5MCPyq2RzcgQ9s6jkm3fykKqLoBUMVNQqpmU7BbS8NXZFftJbBr6NmmGqC+jgMfhL5wisE4hJBwSR4pD+APF4J7KmsoyyWd5fgSgvmUkKBVmydYLVpg8iztMZty3EYeJ6wJ2FadtUpVRMTd40/1AqL7xDDtNd4EHGrje9R4k8oza51xQWMUK5Fi9NzBuZgRjcWjWpKg7tScVSZCjVUtRQsasRTpe6w6sNq2U1d2IJrtAK8CEq/qEZ3tRQAtCRgSJifzJFfOPuyLSfZbwAx4UH/xjrDSheP6Av369Q3tqcCpTaXhXEUOODijnWFvYfaHspqFPQG6oP7pDHfSivywN2nanavd/wASHbre6wtTNurIGoUDwP1DRaGNOLQMkto9BtEy4s12aKPAFjd4pKj+bdAvaUy+laVF70tQyxwB8QRAEu1XpSCasDLx/K55N4RWbVVG8l+aSfqIyLG4tFrTizIILsvVMwK43PrjziUhdRTF/AkeQECyVMFA+iH+58IkJrGm8eAMeyfP2OLNN2yXa8GrlirzIiuRMulSajvAV+Av5Kf8ogSVOYu+fhj5Bo+tMxlK1SoeRSRwcQA2XWm0OSv4mmf1BlDqXiiyWm64yJBA8fHCPpyqNuUOXfB5wAFUHr1jBoVyNFaLZflAVN28nF6YjjsnzgOdOOyrcl/8T1gKVPoQdx6fvHyl7IGNSOtR4wY6LwloPmL2CBX16HOKJE9vH6RShZOBy9fWIS5leZ+kPYeZ+q5UxlFJoFYbsj0PmNIITPcF+8ksR9ecL5xcHVJ65eI8t8fIm7SVfEClW9s48+6dGeg+XP8AXGsVrnNMT8yT4F4DCmLZux6E+YV4RG0TKyzvPkYWUtHJbG/te9w8jEZE5idHPrwMBSptSdx+v2jkpbH18I/XrD8toDiRtSwRMSQ9wkNu7wbfSOWee6QXF4Z5MceVX6QNaJ12edFoB5gN/pgayTbpUk4pJ4FJxHInoAIwydS/Quo+6OJVpCnGH0Ov0PEHOLjPvBxVScRnvHNm4tCVS2mM9FgV618MN0EJtF1YVrRXGGU/UDgMLJaGUzulVQcq1B8fHdFfbhZIOYLjyI4VMBTVXSpPwkFPBRNP6nHAwR2rNvWe9uNeRgS3jlE5R95MrTaQUgvigtyr9R0hb/E857FOUa3JaJrb5bTB4oEC2G1fyUnRJ6bKT5xHtqa9ntCf+iUn/wDH+sTwzuaKvHQlmT+/XFMsneQbqjxYCKJduoS+JY8wov4tCqfbSn+hHiovAabYwD7vBxFuJqGKLZ/LWxxqx3KvfUQJa7SyiX947/cA+kKU2ohI30PrjFU+c5I1vHrhDcNnXoeTLUxlpHxKPK4D5K84qs1reVOIPzA/9sBT8XD8TC22WjwSo9U3f9HjFHZc8mXNT8Qmf4n7eEPx0LyNAqb32wJB/tmfp0igWn+Ykj30pO96DqVJQesCS595DjMtn8w+sDzLRRJGIvJHOW48UwYx8AbGPaVqdROrKO686VecZ22Tdo/l+x9cYMt013alCPGE9pmOSePgoGDjhTKOfuh65l65XvSrh/KSPqIG7KtISkPg5B6Xv9MRQvun4VqHJwfIQBZ6Ap0UPqPrFYw0xXk2gi1rq25jyJB8RAhO0nkDzpErRMdQOtetTA6lefkYrFE8kxz2daTcKd7+T+Qi5c+gPzD14CFdhWxI1p1JEWibQcQfExKUNlVkfEWz2BO+vUAxWlTq5/aIrUSeURlmNZ5TYSlX08mjkw97lFF76+UXa8PrHAJlbp3j15E9BAYOMXIwPrH/APmB1YmCBlqVeUXA7PP7wKFReDSOHg9Ewa+s8usResfXo4kVgjWf/9k=','Sevilla','Sevilla');
insert into servicio_estetico (tipo, detalle_Acortado, detalle, precio, imagen, provincia, ciudad) values ('Pedicura y Manicura','Servicio de manicura o pedicura en Sevilla','Manicura o pedicura en Sevilla, las más novedosas técnicas que existen en el mercado asesorándote para encontrar.',10.00,'data:image/jpeg;base64,/9j/4AAQSkZJRgABAQAAAQABAAD/2wCEAAkGBxMTEhUTExIWFRUVFxYYFRUWFRUVFRUVFRUXFhUVFRUYHSggGBolHRUVITEhJSkrLi4uFx8zODMsNygtLisBCgoKDg0OGxAQGi0dHSUtLSstLS0tLS0tLS0tLS0tLS0tLS0tLS0tLS0tLS0tLS0tLS0tLS0tLS0tLS0tLS0tLf/AABEIAK8BIQMBIgACEQEDEQH/xAAbAAACAwEBAQAAAAAAAAAAAAAEBQIDBgEAB//EAD0QAAEDAQUECAUCBgICAwAAAAEAAgMRBAUSITFBUWFxBhMiMlKBkaFCscHR8BRyFSMzYoKS4fEHUxdD0v/EABoBAAMBAQEBAAAAAAAAAAAAAAABAwIEBQb/xAArEQACAgIBAgQGAgMAAAAAAAAAAQIRAxIhBDETIkFRBTJhcYGhsdEjQoL/2gAMAwEAAhEDEQA/ANy19VY1ySWS1lpwuTmIrmi7PRlGgqNqmWKEblMvWzHIp6QXQ2eMt0cM2O3OGnkknR69znFJlIw4XA8Fr3LD9OLGYXC1xg5UEtNra0DjyrT03LEuOUVxu/KzYxy1CmHrNXDfAeBnronXWUQpA8dMIfKNqFfKNijI6qj1R2BKzSikUOfQ1RkVoBCHdCgbHNhcWnYUXQUmN3lDiXA9rtgOfLap9bwVE7aosNbVM09Ny4WoS5J8UYadWdny+H2y8keWrrTtWeZKOroqDV7CrV4hMRUGKeFdouUQBzClF5S1kDR8PzOv0TO0TYGlx2D/AKCQQVJJO3MnmpZZeh0dPC3sGNNFIyUCrzQNvnwhRujq1thHWYnckZE5BWCLsg7Tn6ol4I+4QDSuggmqgXocSLzpEWGpa6RJbfaXSPbBGe07U+Bg7zvzaQo33egiYTt2DeUR0Xu1zGull/qy5uHgb8LPKtTxPBZ+Z0apQWzHFjszY2hjRQD8qd5VpCrc9cEioRp9zkiCmer5ZkutMwAJOiy2NIotlqDRU/8AZRN3g4analdkhMj8btB3RuG88U8DaBZSvkpKkqJ1XlTVeWjNC684SO03UbN4Rd2WoOaM9lRyVltjWeknMbqVpnUc9o5FZfDKJbI17JVa01SWw24SNxDzG47UwEu5aUjDhQWXAIe2Rh7S1wBaQQQdCDkQoMqTmiGsR3E+D5TO11htBiNerrijd/aTlXloV9Buq1iVgcNoSz/yDdHWwdY0duKruJb8Y+R/xSLoDedD1RPLlr91Psy17Rs3wiU2tUmZqYCokQbKHtSW1spLXxAeoyP0WhkCTXq3IO3H2OX2SkjWN8hlnbUBSlhUbCahGObknXAnKmD3Y/BKBseKeYzH19U9JWctJwkO8JB9M1oMQOitifFHN1C5TJ4lx71FRJVCBY169jVYXCgKBb4fVoZvNTyH/NEJBHTT0VkxxSHhQemvuSrmtUJcs7IeWKRQ801CR24F7w3eQPLan8wyS2xsxSk+Ee5/4U5L0LQdWxpFHkvPCtaq3rZFMoeELa5MLSTsRjlkOnV59XCWg9p2QU5FocsquJptVqdI7OOHujYXnu+gqf8AVbdr6BJuht1dRZWNd33dt+/E7OnkKDyTiZn/AEtRVIzOW0iDpQqZZAAqJH0/MkNO/Kiy5FFAtfKlkjusdQd0a8T9lTarQXu6tmzvHdwHFNbvs4AGSS5D5eQizRYQpvcrqZISZy32J9zvWLyG6xeSseo0tDarMX7YqtK08jqFCW6KoNQiSscJUzAXVeD4ZKnMVo8bxvHFb+zuBALTUHMcarE3vYcDusA7OjuHFNOi140PVOPFn1b9fVSTp8lZ88o2EIV8aFjeiIyro5mdnZUL4/flldYbYMA7NcbP2Vzb5aei+yFZXpxdPXQ4gO3HVw3kfEPT5BKaNYpeg4u60h7ARoQjKrF9BrwrH1ZObMvLZ+cFsA6qUWOcaZ17skFbI8TXDeD67EWVW5qGJcAdyTVam9cln7EcEz2ccQ5Oz+dU+Y5OD4DIvNYJam5Iy7paxt4Ch8slROqbuko5zf8AIfI/Rag6kTyxuH2G+JcxqnEogq9nJQRiUXvpU7hX0VYfVD2x2VPEaeWpSbpWajG3R6xt2nbn6owhUQCgVxKiux1S7gduko0oa52djFtcS7109gFVfTyaMGriB6phCAAANgosXcilVAILlU5y456re5abMJFc8lFg7PF+uvGmsUFC7cSNB5u9mlaDpTeYhhe7aAac9in0AujqbOHOH8yXtv3590eQ9yVhcsresbNS0ZKiRXuKHlKqznQJKEovS0YW5d52TeZ2+SZWh6RwsM0tfhbk36n83KD5Z0xXqy267HQffU802DKK6OCgoh7U6i32FezLOtQVqlXOsoKoC0Tb1hyGolvWryW/qQvLGxqjZB1RUeam1lRmhYH0OWhzTOPNXjyQlwZu9LDQGgyOxY9rS11BkWnI/I/m5fULTZwQsZf124HYwMtvJYyQLY53wPLpt3WMB26OG4pkx6xd1Wgxur8J1+hWrilqEoS4MzhyGskXJhUKkFTxqlk65Pn0sX6S2ZZMcct2Fx08it3ZpagEbUl6V3b1seJo7TMxxG0KHRa344gNoyPNT7MvJbRsfvK80qJqdeyPf0Uo4Br880yXbuLL0ZhkY/jhPnmPl7pqx2Q/Ch7ws+JpHmOYzBUrvcXNB2/mSUW7o0+Ypk3E7qIN78L2u2aHkcj90zwBC2uILTvuKNPhhRkUWyIWzydkV2Zei6JV0bHE406CsaHLsT+Ay89v5wXZJaD5c1ZZ4clibvgthjXmZY2UaaeytrkqzGqrQ/CCdixdFWk+wAO3PXYwV83ZD6o97qHNV3ZZ6NLjq818tg9FbLCNlRy+yyrNNq6IgquaSijI4DQ0Pz5hKOkF5CKIvOWXvuWWzUYiO8B+rtkdn1Yw45d1G6NPM0HmvocQoFj+gV2uZG60Sd+Y4uTPhH181qnzcVuPBnLy6RKSRDyyrz3oG1zBoJJyCUpBGIHes5yY3vPy5DaU1umwhjAlVxWcyPMrtvdB2NGn381piaJwXqwyv/VFUuQSu1SIu1ypHbbQACVmcghEGtttDTQny2pVaJy/gN33VMzy5xcdfoptbtCg2Wo5nvXlLFwXUgNDc9uqAxxzGnELR2aVYpsOdRqForrtOIUOo148V0rgg3sPxmEFbrKHghTim2K5uapdmEnFmFtdiMTsJHZJ7J+iPuu0kdk+S0N4WJr2kEJGwFhwP0OTXfIHjxUtKZbe1YybJlVTijLszt0H3Q8bCct35VHxlCXuZb44POgyWVishs9qI/8ArlqW8HDMj6rYtOSVXzZ8bcu801b+4afbzWnHgMcuaYbC0ZbVeEssVrqwO4enBctt5hjXOOQaKuOwDy+SOEh+HKTpDGbNB2V2GRzToe0PPX3+az0fSphaJO1gxYScIo0/3AGoGnqnszw9jZWmtN3hOv0PksWm7RTJ088XE1Vh0klDQZk7AMzwoqbVFK1uJ0Tg3flkN5FahF3HKxuOSRzWhtAHOIAGLidK5BXQ2CSzttcrpZbTjLpI4DngAaf5UdSddKCgyGWtbxx7K7OSebw5VViImmewqTCN68wh8TXhjmB7Q9rXijmg6sPEGo9FQ1yzHjhiyU3a9Q2EVNdg+aJZamjahXyRxiMSuwiR7G5AkudIaNYA3PP2AJ2J1aDILRFA2zNNncxxklyGBw7rQOOXvpTPUYuXISyRxpRfIG2UFCWoY3NZvNT+0a/QeasvSEQy4W91wrTchBahFG+d+hyH7R9z9FN+zLxjdOPr2G9VS9yxdt6SysjExa0NccmF5DyDodKaZ02J9ZLaTrtHmDuKW6Z0ZOiyY47SDbQAVlbxu82u0tiP9GKjpP7nHus+ZKeWy1UaT6cTsCIuWzdW3td9xLnniftkPJCVslzFDJsAAFMkLPGK1GR3I0vBVE9DqtyRCLdgEj0nnBmkETe6KGQ/Jv1R16ShjDTMnJo3k5BG3Fd3Vszzcc3HeTmSpqLbL7KKsvs8GAUBXpZclZO5Kp5PJOTozGO3LIWqZI7WcZ4Iy1OOiHDVOrCUq4QKLLVSZYSj4o/dFRwrSgmY8RoV/oTwXk46tdT8NC8Vm1N3xf8Aqj/0b9lTJYI9jGjiGgH2TEqt7V1tI4VJmbtEBYfkVOKRNrTAHChSSaMtNFCS1Z2Y57qn3DBIlF5mMnCXDPZv5KN62sxwveASWtJoNTQE0C+UX9YLK6yvt4tchtLpW4Y9WlpIrhdSrKdo5nLDSmi1FbIUp+E0fSWTljw1xrsaTtG48QmsdoWHua8XmCzstT4z+pYXWeVr8RJbQdXKPhkFR8q1T67LWTVju800P381NpxfJ0RcZxtB18X2IWOdsbTIakk0AHqkkPSjFhkLP5ZNC7FUsdpRwpkOPJJulk7hK+Nx7D2tc07nA/I0p5hK7gtDQ8xSf05RhPB3wn6efBRlke1Hu9P8PxPBu1b7/j+z6PCyjiB3X9pvP4h9fVZy87X/AD3WeQ0bIyg/ccQ+VPRE3BbXDFZpD/MiNWHxN2H0y80v6eWfEI528iRs2tPqtSfBzdNj06jw5evZ/wAMU9H83yWd+jw4U3ObWtPKvoFpOhdtLS6zSaioA+3ChBWMdbiJWzDJwwudxcMj5ED3K0N4z9VPHO3RwFab25j1aaKcX+j0+txeInFr5lf/AEjassEVoa6CZpdHKAHAOc04o3YhRzSCNq0NsjtP6izmF7BZ2h4nY7vnu9XgyNaUcNRqDnosXY7Y+N5LmkjFjaRzqFprksc0UNoeyZ1pdK6SaBspo1hc2rIcWxuIa5Urou3BO1R8d1UKdkr2tzH2n9LhcJOq64OoMLmYwx4rrUVH4FP+HR4cmZ8z917+NGKxxz25gge4tY9gIeGve/C0DCTrkdTTiiOsAGZAA1JNAANSTsC3KKshGTqiFiMfVueGtlfEcWEYXPY8Mq1oGrHlj+dH8VTbLRa7RZI5LOBZpn4XFkwNWszGE9nJ3dOY4ZK11ogsszI2Qvx2yR7nPYwubjaxoLpHfDkGhUWu8rQ20ytdA0WVkQc2bHV75DSrMGzb7b1r5UZdzkLr9tFZaVqQGt/ycc/oVnr8k6+dlmb/AE2ZvptDQKj3A8zuVd625wcHkaOxnia5D1NELZp+os8locRjkzbXaT3PU1dyK4pStuz6PosOqUly1wvu/wCge8HtmtjWfBZwS7cX1FR6ho/xKuu22OktTwD2WtAPOtfusvZrxMbXBvfee047ANKbzUk1Wk6NR9TDjPflIpXjk37+alGVnp9XHwsTX0pfy2aKWdjAZZD2I9P7n8N6ST3xKI3WiQ4Q7+nFlTPu1yqTt8lGv6qbDX+RBm4nIPfxO7U/9pFeNtFomxONIY9P2/8A6cQMvstzlS4IdJ0kV86t939F6L7s3dx3o50cfWUDntDsI3HQivMeqYy2nasf0ZL55jMRRjAWsHOhPyH4E0vO2ivVg0yJcfC0akrafB53VYoxytL8/T6EZrwj6wPlcGxsNBUgYnnLLednqtLZLzjeOwQeRC+dyYI3x2+0lklmZG2SKFj88LqgY66SnLLjRC9DLzM1ulkjZgbMcZZXF1UbSBCyu+hcfNX01jZ5jzKeRRS4Pp00iBEeN2EeaslkR9hs+EVOp1+yjWzLzlpH6gTrmafiPsrI+jzT8bvQJvFEi2MVlBHC8jErOj7fGfQLrrjIHZcDwIp7p4Au0WtEZ3kZv+HSeD3C8tGvI0QeIwxcIXV5bJlTmIK12UOCZKDmpNWajKjJ2qAirXDIr5x0i6P2azw2wyNk/nNBs+CpYyYVOFzdBU4e0dlRllX7RabIHDRZ+9blxNc0gOaRQtcMiFGpQdo6d45I1Lg+H3WyxMsTTJaSZpZXNfBhoYAA7DMHbsm1/f8A2mu5utr2PibJNHJJJEHAsdUkNyIkbqHjKuw6jbTPdPui4hhiEVkwua52KdrnOxtNS1kjdjhsdtAWkuXoqxzLLJG6ekYa8unbgkD6UdCxuEHq9czUUIAJ2UklKJLHKWOXAT0pu3rYg9o7bfcbW/m1YB7aGi+xmykjIcxvXzvpZdJifiAoHVI+o+vmuHLBn1PwnrU/8Tf2JyWpzo47Uz+pFRsg8Q219a/5cEyDuvifHqySrmHUtJzFfNZy47W1pcx5ox4zrpX/AJBPstd0LsDxES4HAXHq6ihLfFTcdnmiHmN/EIrFHdcNPj7e34f6MC6MgkEZitRuINCnjZsdjZXWKRo/x0Hs4DyWm6Q9B3yvMsDmgu7zXEjOlCQQDqNR9125ugTwMM8tWEgujjFAaaVec6cgE1ikpdikvifTTxKTlT716/VGg6PwCSzQuIz6to/1y+iMnuMulgmEkjTAXENa4hjw8Uc2RuhGhTCxWcNAa0ANaAABoANAmbGrsjGj5DNk2k2uzYtlic8UeARUGlKioNQc9oIB8lRbbtbLG+KQVZI1zXipFWuFCKjMZFPMK4WLVEtgKS24WkAdoNOFugcQMhi2bkksVpnls0brTG2OZ1S+Nhq1vaOEVqc6UrnqtK6AFUvswQ7Y00nZ8+6W2I9SDTsmRvWOHwt8R3AGhrwCyXS62Bz2RtPZY2vCrtPYD1X2Z9m1y1WPvf8A8fQyuLoyYSdjRVn+mzyIXNlxNrynvfDfiOLFUcvFXT+/ufPuj1zutElKdlubz8h5p90iicDHDHm99QNgaBqeC2lz9HW2WHA04nE1c+lKnZlnQDch5blLqmuF4rgfStK6gjaDlULPg0jeX4nDJ1Oz+Rdv7f5/Rh78tbbPCLJEcyKyu2muo5n5c0hu+yPleI27TU7hsLk0vPo1a2yEujdJUk42AvBrwGY81s+ivRh0UQMgwvdm4bQNjSeSkoSlLsenn63F0+C4yUm/2/cusFmEcYjjGzM7uJKzN9XRLI2bA4BlY2zOc6jixziMLBTMmh3ZAr6QbEGtXym9HCKK3WmaYR2rrMEFmdqWNIawhu0UJdUZb9V2Qx88nymbqXK69QDpXfcMFpsrLI5szLPhkkY9hwCVuQYRlWgJ0rQnbRa/onYXNElpla1stpe6RzWigbiNQ0DZSvuVmOhlzQWsQOZZ3NfAHG1TPdiE8zjVjQKnIZuOlOyM61X1ewXZSlc08jcnSJ4dYLZ9yqw2SpxO8h9U2ihV0VnRDWJxjSM5Mjk7K2RqwBSovLZIjRcUlwoAivLy8gDKMvGTxn1P3V7bwf43epSqMq8FQOqkMRb3+N3qVL9Y/wAbvUoJhVgCBUgoWyTxu9SpfqHeN3qhQ6q6SExUW9e7xH1XXSnxFDgqdUgom2V3iohbwsbJ2YJBiGo2EHeDsV4IXHPRSNRk4u48MS2LotZojjDC5w0LziA5N09k6Mp3qBfVcJSSS7G8mXJkdzbf3LHXi8bfkh7betoDaxBrz4XHDXkaFVvdmuF+5BlUvQQD/wAhztcWviaxw1Dn0I9Wp5dPSq0y1cWYGfC6tS87wC3u8duxVzQtJqWtJGhIBI5Erj3LNv3KTeNryxpjb+Py7/l9l49IZfyn2Shua49PZktV7Dg9Ipfyn2Sa09PpWTOidFmBUHE2jm7x2VFxQN53a2alTRza4Xa0rsI2jgk5P3KY447864L/AP5IcHUfFhHixNI8+ymsXS57hUAZ7aj7LKWbo3nWV+MbmjD6p5FE1oDWgADRJuXoys44F2VjMdJnn4K+n2VzL5edWgehSsGimwoTl6sjJR9FQ0F5u3D0U23u7cPRLgV4Dct2zFIauvNx1w+n/KWXtd8NpAE8MclNKjNv7XA1Hkoq5iLYtUTu5jIGCOKJjGDRrQQKnUnPM8SmDL1cPhb7/dACm9RATti1QzF8P8Lff7qJv1/hb7/dKi5Ra7ejZ+4aIcC/H+FvuvC/H+BvqUpa+i6BVGz9w0XsNTfT/A31KqlveQ5ANbxzPzS/HnSi8QjZ+4ar2L/103/sPt9l5UVXkh0hTDOUR1yx0F9kHNhRjb8r8BWNilGpbaKhXxzcVkmX5/aVNt//ANpojYKNd1i81yzkd9tptUpb8aBtRuGpomPUnOWci6QNG/NXPvxlNUbi1HDZgpOlCzJvxtcgVb/Gm00KW49R7jC6XhZh9/jcVfFfTTTijYWo3mlzVTZs0vtd5MaKlyRydJwHUwmm9FsZrsSokkNUqZfsdMyq3X0ytaobAdxvXXO3pGy/Gb1TJfzK0qiwH7nLwKVMvRp2hRffEY+IIsKHRcvEpdDeTCK4gvOvBviCVhQyXQgRbAdqn+rG9FhQeHK1r0qNvbvCIhtAKNgoMY/NEMeKIASZ1UJLeAaVzTUqDUY4l0Gm1BMmqrDLvRsLUvxKNVS16851EbDotJXWEBCGcV1VrHoUg1LyM6hdeVWVHGnYqLa8V5UrqLChELC3cEQywDcEYyzHdyV3VKVFQBt3jcFMXeDsRvVn7qwRkfmxKgsAN3t8KmLub4Uaxh9dFID84pqIrAm3azwqDrA3wpjIaKh1fqUmhpgLbvbuXn2Fu7kj86cT8l2u3yCNRWKpLA0DTgFA3c3cmrz7fNQfpyzRQWJZbuaTpoh33Y3dxTmtQMtc1STXZqUhil13NyFBmqzdrT8O1OJKZmmmSiAN2gQApfdjPCFUbrZU9nROcqj1UGAZcStci4FD7tbnkoG52HZsTotHqVIgZ+iXI6QlbdIFKVXhc4NNfVOqCvIK+Noy5ItipCGO6TscdV6W6XH4jqn8TRlzVjGj3RbCkZZ9xO1xO13oqGxSs0cclo8Iz5qfVihRbCkZ6brtAaJW+7Z8WPGaraviHspRxD2S2YUjJ2V9pbtqiTb7RUdnJaOGAU03qQswyyTthSMxLek2xiEmvG0mmXBa42Nu7aoMsTc8tClbCkZCG3TjVtUdZb5kHeYVoX2FueXFdFhbuTsKFovobQVYb4ZtNEwdYGHYMwofw1h1aE7YqBv4mzxLyt/grPCvIthQ1EZ8z7BSc2g+X3Rba+Z15KIO3KpyatUKymNnt7lcINfc/ZEvNNgy+ajwy3lFBZSK+unJdJ9shzVjTlWmuQ5KDnDPLu/NMRQ92dNgzPNQGZpvzPJTpsprmfout0rTvH2WTRUXanfkF57gNmTR7qwgVJ8KgWDIeZTEVN2AjiVyU1ypqfZWtaKE17x9AqiBUmugokMHlcMzTgFWAK/tHurnxDIV0zK42LLXvH2QALI0dkbzUrpaKcyrnw5l24UC6+HTgPdAAbwO0fJRDQDroESLOaDialQfAaOO80CdAUtZ3c+K8RlrqVf1BxcmrhgPY9UqApe3vK9rfYKt8Zof3U91dh73AIQMhG3u+ak4HL9y8xnabyKlTJtPElQWTIyPNTBPa5KmXuu5/ZSHed+0IoC12o/auRE9lRcc28lBp05/VKhl0Lqf7K4nLkUJi73BwV7nGjuVU0hMse7vKIdnzC4H1I4hVvkoWcTQ+iVDLw7Q78lGN/zoVzFkeBUC7Nw4VCdCL3PoORXOszPqotdWnEKvrNOdE6EEfqV5U4F5MD//2Q==','Sevilla','Sevilla');
insert into servicio_estetico (tipo, detalle_Acortado, detalle, precio, imagen, provincia, ciudad) values ('Peluqueria','Cortes de pelo en Huelva','Corte de pelo en Huelva, las más novedosas técnicas que existen en el mercado asesorándote para encontrar.',8.00,'https://encrypted-tbn0.gstatic.com/images?q=tbn%3AANd9GcRZQDYa7Sc69RVmKu7NbH9oe-o6yBSJMRzFwfJ5iey8mZnDkDI-&usqp=CAU','Huelva','Huelva');
insert into servicio_estetico (tipo, detalle_Acortado, detalle, precio, imagen, provincia, ciudad) values ('Depilacion','Servicio de depilación en Huelva','Servicio de depilación en Huelva, las más novedosas técnicas que existen en el mercado asesorándote para encontrar.',7.00,'https://encrypted-tbn0.gstatic.com/images?q=tbn%3AANd9GcQJdfTRlP1CDoAzLOFu28j65MPgDGVSupJq4x4ZqL8NhAA6TmN5','Huelva','Huelva');
insert into servicio_estetico (tipo, detalle_Acortado, detalle, precio, imagen, provincia, ciudad) values ('Tinte','Servicio de Tinte en Huelva','Servicio de Tinte en Huelva, las más novedosas técnicas que existen en el mercado asesorándote para encontrar.',15.00,'https://encrypted-tbn0.gstatic.com/images?q=tbn%3AANd9GcRI20IktjqQcTSP977QawN-STHFs8Q22SDEU-Q8AFnRUnixySQF&usqp=CAU','Huelva','Huelva');
insert into servicio_estetico (tipo, detalle_Acortado, detalle, precio, imagen, provincia, ciudad) values ('Pedicura y Manicura','Servicio de manicura o pedicura en Cadiz','Manicura o pedicura en Cadiz, las más novedosas técnicas que existen en el mercado asesorándote para encontrar.',10.00,'data:image/jpeg;base64,/9j/4AAQSkZJRgABAQAAAQABAAD/2wCEAAkGBxITEhUTEhIVFhUVFRcVFRcVFRUVFRUVFxUXFxUVFRUYHSggGBolGxUVITEhJSkrLi4uFx8zODMtNygtLisBCgoKDg0OGxAQGi0lHyUtLS0tLS0tLS0tLS0tLS0tLS0tLS0tLS0tLS0tLS0tLS0tLS0tLS0tLS0tLS0tLS0tLf/AABEIAPoAyQMBEQACEQEDEQH/xAAcAAABBQEBAQAAAAAAAAAAAAAAAQMEBQYCBwj/xABIEAABAwIDBAYFBwoEBwEAAAABAAIDBBEFEiEGMUGREyJRYXGBBzKhscEUI0JSYnLRFSQzU4KywuHw8TRDc6IXVGOSk6PSFv/EABsBAAIDAQEBAAAAAAAAAAAAAAADAQIEBQYH/8QAMxEAAgIBAwIEAwcEAwEAAAAAAAECEQMEITESQQUiMlETYYEUM0JxkaGxI8HR8RVS8FP/2gAMAwEAAhEDEQA/APZFIAgAQAIAEACABACIAEACABAApAEACABAAoA4kkA3kBQ2lyWjFy4RwKlvfyVfiRGfAmONeDuVk0+BcouPIzWVbYxc+Q+KrOaitxmHBLK6RTM2spybGeIbjqbaEXBuTaxBBv3pSzX7HT/4fP02oSf5F1TVLXgFpBBFwWkOaR3EJsZWc3LgljbT7e+zQ+riAQAIAEAdIAEACAEQAIAEACABAAgAQAIAEAIgAQAIAi19YI23O/gPie5VlLpQzFjc3RiMU2s6KWNhY6R8zw1jWluYkmw9YgAX0WNyk2dzFp4KPNUP4X6QqJ5yvMkZvbrsuL+LC7REc0eGNn4RqWrx0/r/AJo1lFWwzDNDIx4HFjgbHsNtx8U5NPdM5eXDlxPpyxa/NFRjzHv6Vo39EQ3vJafiUnJJykzZolHHGL+e54/iUl5XdUtsGMDXAhwDGNYLg7jZoWS7yHu9CunCt75f6ts9c2CpXx0UYeCCS51joQC4keyx81uxKoHivGssMusk4u1sv2NSth5wEACABAHSgAQAIAEACABACIAEACABAAgAQAIAEAI51hc7hqgErMNiVeZZD2bh4LHOfUzsYMSgjC4lVAV0st/8LTvcz/UcGxR8nyZvJVulZtxw66j7tL6cv+DLU6zSR63T8G49GrD8qDhoGsN7cbkaHt/kmYtmqMnjso/ZKfdnpE7w6Z3dYey/xUzd5GeTgunEh6OKxV1sKc7Q/W1IjjLjwtp2kkCyZKajG2Lx43kn0oz+I7UMgJMrZHGzScmWzQ8uDQMzh9R27sVFm7yOnp/CpZ104mlzze9VfCfui02c2khqw4xZupbMHizm5r23EgjqnitGPKmYPEfCsuka6634rh1/v2LxOOSCAOkACAEQAIAEACABAAgAQAIARAAgAQAIAhYzJlhee63PRLyOosdgjeRGKpo9brnuR2kjE7W4FUCaWSNpeyUtLsouRbgQNd9ip6rR0NI4Jq9jPMhLdHAg9hBB5FUZ6LBxaPT/AEZYY5kb53gjN6t9LtHHnfkm4l3OD47qVOUcUXxz+ZaYDVmRznn6RLuZukQdzs5+aNQUV2NPFqtaOZLYrNoXaxM7XFx8Gi3vcOSVn7I16JeqXyKParZWaos6F7dQzM19xqzpMpaQD+sOh7FZ473R1PDfFMWmuOVPvTXzrn9CbsNs7JRsldKW5nlujSSA1gNrmw1u48gnRVWzP4x4jDWTgsadK+fd/wCjSnEGC2ZzW33ZnAE+RTlkTOF9kyP0q/yR1+UIv1jP+4K3Uhf2XN/0ZMVhAIAEACAEQAIAEACABAAgAQAIAEACAKzaAfMnxCVm9Jo0v3hmaRi5z5O12J7KcKKK9VIn09MDvTYxsRPI1wNbQVAhp5Du6pA8SLBXm+mLKYU5zRTbOgBqzYzblujVU62RZzZlPjJvUsHZGPa4/wDyFnzv+ojbpFWGT+ZcwHRaIu0Yp8hUnqkduimT2ojGvNZg9vsIqJHXjhdI0iKxZ1iMnTZgWjrf5reFtEmcG5L6ftZ6fwXV4Maqc1F+bnbnprfj8LMf/wDnKz/lZv8Axu/BX6Tvf8lpP/rH9Ue+LcfKhEACABAAgAQAIAEACAEQAIAEACABAFXtI60BPePilZvSaNN94ZGgqLlcyXJ2lwXlI7Md6mCtlJ7ItmNAWlJIxNtmd2qa2WWKGR+WLWWU31LGEWY3vcSB4XPBVcVKST4GQm4Qbjy9kV2BvPDgVlRvkbGldotcGc3IqZSVEuasf9gMaeWb+JIyb5Tbi205e0x0WmDMORbiVzuqO9wHtv8ABE3sGFeYfYNFfsLb3FspCyWtJhBAAgBEACABAAgAQAIAEACABACIAEAVe0Z+ZI7fh/dKzek0aZeezDUDrHgudI7CNJh0A+qOSiMd+CuSe3JdQMWiCMU2eb+kSrd8vjjbu6Nt/Avdf2BVyOmzRgjcUWezo1WZcmyfpNnTblrgczJyZbDiRVVJdxmNvABoHuWa/wCo2dDp/oxXyNNTyLRGRhnEYrpwZGM42Lj3cG/xKMkvMkMww8kpfQnxO0TomaS3O8ymytEtajECABAAgAQAIARAAgCuxTGYoGlzyAG7yTYDxPwS55FE1afSZM7SiuSlodu6aR1muvYEmzH2DRvcSRuS1nTOpl8A1GOHU/5X6F9VYgAOrqT7FeWVJbHKx6aUnvwV1RXNaM00rWt7XuDR7dEpzvds3Y9Pb6ccbfyVkF21dC0gfKAT9hr3/uNKr8SK7mteFauav4e3zpfyy+wzEGTMa5jszXC7XbrjwT8eTqORqtLLDJpqmuUQ9pXWZ5FVzPYnRq2YOkd1z3Fc9s61Gtw2VEXTF5I2i5hK0RZimjCbZ4W41Qm4OAaO6wSc12bNNXTRLwKO1klcmib2ZrYDotcTmz5KerprS5h9Lf4rPkXmtG3FLyUyyogU7GZsrKegeX1M7jwkyj7rAG+8E+aWneRmlrpwRRoIytCZgkhy6tZFE9bDniIAEACABAAgAQAxWTZGPdfVrS7kLqG6ReEeqSR57j7HVVFII9X6OAG85XBxHjYFc+XmTPTaOUcOeLfBjMBoqgOdaCU5o5I/UI9eNzRcusBqQfJLxOrs9Rnz4JY11TSpxfPs0z1r5OSGfWyWJ+0AmtW0eK+Ik5e1/seJYjNI6Vxlc5zgSCXEk3BII7hfglvk9zp1CMV0KkOYXU9HLHJ9R7XeQcCRyVbp2PzY/i4ZQ900erbHOytmhH+TPIxv3cxLfYQtOPa17HifE11uGR/iim/03Je1NYLNHEt17tSpzzTo5+iwtXfuZCnjs66xM3s0WHS2cELkpLdGkgK0xOfNHOI0YkZY8NQrTh1RDFk6ZFTBSZXLP07mxztFmCmGYbLb71WrL3RKp2J0EJySIBhDHOt9J1+aS0oyZpU3OK+Q/GbC5OgFz4BWiKkYX/ibH+odzCr8RD/sz9z1VdQ4QIAEACAEQAIAq8cxF0bSGC78pdyCVkn07I2aTTrJK5cHj+H7RVNTK1ksxyveAcoa22bQWNr8VihNz5PcS8O0+LTylCCtL5k/YPFHPBa47jqqM42ox9M2j0CCO6lIxTlRY5bC6fwjHdujxzbzDjDVvNrMkPSMPA5tXC/aHX5hKybHtfCc6y6eK7rZ/Tj9iiiYXEBoJJ3AC5PgEltNHYT6Vb4PXdiqSVrZJJ25XyuDsp3gBgbcjgSQTZaMaabb7niPFsuJyjDE7UVV/W/2IOPtPyiTss33JOV+dldP90iNRt7e2yWEyzgbYqaFmjpDonw4MWVbkwFOTEURXxapbW45S2BzVDQJjaqWJETkxMXJDFQ25S5q2MxukM4kwimmtv6N4HjlKtVRYRd5EjxX8gyfVPJZ+pHV6T6KXZPKAgAQAIAEAUGPbX0tKS2RxLha4a1xAJvYOcAQDodN+iXPLGJv03hufUK4rb5v+xlYNrI6qozx3y2DbHeCNCs2Sdys2x07wx+HLkci2Moy7MI3C5vYPcAPCx0SUlex0V4rqYRrq/ZEPEsEbS1DHxgNjkFrDcHN4eY9yjIqM0Mzypt8muoXXaFaHBmycli06WTjK+SM+Fj25Hta4Dg4Bw5FV5VDVKUH1RdfkFNSRxi0bGM+40N9yFSCeXJkfnk3+bsdGiCvJmcfA6c/aY08iQs2b1m/TfdlXHcc1QvItqfUqyFPYv6U6J8TJkJYKuJEcEEoHNQyExohUaGJnQCkrYmRRRNjskYLCO0Ec02vLRSMqkmQPyczsCR8KJp+0TNAumcYEAIgAQBBxmqMcZI3k5R3X4qmSVRH6bGp5EnweR7W4PVSOcI4i9jntkzAi4IZkykE37Tf7Swy3PW6LNhgrk6dV+9mf2Zhkgq+jlaWk62NvDgifBk1ElKfUj2ahNwFETBkG9p6bPATxY5r+RsfYSpyq4EaWVZK9xMLk6oVIMZljuWrDon2ZGQ5pLSEeB9iTKVSNEY3CyQxyunYpoVwUMhGU2odlnj743cg5v4pGXk36Z3FkIuVUyzLCicpQtl/SSaJ0WZ5xJrSmGdnQKCBXKQRyWqKJsUIQBZSQdKSBLKpNlit5zwQAIARAGe2ums2NvaSUjO6Ru0S8zZGohcBZEbpsyG3WH5KqnmAtmu08rhRk2L4X1RfyNhhb+qERZTIti1niD43NO5zSOYT2rVGWMumafsZnBZ9ByWKLpnTyqzQxG60owSVFfUn54j7LUnJ6zRj+6+pMhjPb7FeKfuJnJexJEfimJCXIx+2ulTB2GOQe1iTnRt0r8rIUWoSUOkTaV1irC2XVNIr2LaLKN6YmZ5RHGFWRRodVigIAMqAsAgACAFspoCetpgBAAgDGbVbctpZBG1mYZixxB1DgGuIAIsbB7eaTky9J2NB4V9pi23Xf/36EXavE83RNdYOzXBG5zHDf3EEe0JGadqmGHT/AA22uP4ZY4Y7QJEeRs1sRtuaTPSl4GsZDx5HX2JuRXEXp5VNr3EwSa7GpCHTNDA5aIsxTRkMKgcwuY7e1zveVk/EzqSdxTRo6Z+idFmPJEhYhIBOzXUx+wOKpl9SY3B9218yygcmRZmmiRnTLF0ZHbwdend3vHNt/wCFJzGrTcMrKN91niapk5gsVcWW1KVKKMsYSroTJEmMpiFSHgVcWKpIFQQFkAIoJOlYgnLYYQQA1VTZGOd9UE/gobpWWhHqkkeS4hsi6pmzmchpcXluS5u4NDjmvxDGjdwWCXmPV6bVfAXBoNsqC0Mcg/yiL/dOh5aHyRlXlTMODJ1Skn3JWCygtB7kmITRbV7M8Eje1jh7FoW6oyryzTMXsJOTBGDvyi6zXubpo3VOU+JhmiHiNKM+ccd6XljvY7Bk8vSx6mjUxRXJIWvwxsmVx9Zm4jv3jwTJY00Ux5nFtHcEdlWMQnKx4NVqFtmV29GkB7Jbc2OCXlNOn7lBTPs5ZjW+C4YVYWWVK5WRSSLKIpiEslMKuhTHWlWKMXMiwo6BUlaFJUgcqCRLosKLNbjnggCr2ldamkt2D3hLy+hj9L96imwlvVBWKJ1cjJmMwh9PIDuLHe5NlvEThdZEYbYWtJiaHHd7uCy8G2as3tM8EJkJGPJEzlDhwhkcG+rc27u5Lapmrr6omlhOicjJLkWUXRLciLoWFtlMURJ2TG7k1CHyMEJbQxMAEAZb0gj5lp+rLGf94/FKyGnTmZkFjdZjYWtPJcBSULKiKtEpIuICnIRJEsBWFDgViohUAdtUlWKpAQqAEsoJstF0DnAgCs2kH5tL4D3hLy+hj9N97Ep8MdZjVgi9jqTW5ZVUeeJ7RvLHAeJBWjlGZPpkmea7JNy5RbhqFkfJ0Hwb2F9gpWwiW4y43ddRZdKkWEG5NiZ58nZUlRxoVyjY6wqyKNCOChko4cVUsjM7futSPPZY8nBLmacHJlZH6LKbB+km1AUlWX9ArRFzLiBNQmRMYVcSx5qsUYhCgkEAdAqbKtCIJBAFot5zgQBCxr9BJ92yrP0sZh9aMngs9227Fzao7D9y9p5kyEhGSFmbqMLEcznN9UknwubkJc1TNEJ9UVZbN3IfBVcjN9UsYWdLuT4cGfJyOX1VilHeZTZWhxhUoqzuysVGZVRjImP9JclqKTwHvCXLk0YjOSbh4BZjWcQS2cgg1WFm4ClOiskXMZV0xTJsaahEh9qYKYihgJdVLBfRSR3FvogK3EugKLZdA5oIApdrJ8sB7z7tfwVJ8DsCuRltnnXCwtbnTvYuXvsqPYstxiWa51UOVkqNDsLrhCYNDbhqqsuifSnRMgJycjxKuxYgKCaH4yrJi2h4FXFjMyrIZAxXpN/wb/2f3gkvk0w4KMjQeCzmohP0KCDT7Py3aEBJGjiV0JkTY05GeRIVxQgQByQqssCAEJQSCsQXC3nMBAGV29ktEB/Wv9krLwatMtym2fHVCxm98FtVblEgiV3SpQ1EimeoTLNDxKkhEynKvEVMfLleylHIcq2S0PxJiFSHwVexYxM5UkxsEYv0mH80f4t/eCV+IfH0lU0XakGkgykaoLFrs9JwUE8mvpXq8BGRE5iejMyUEwSclVJEsoJCyCBtyCyEzIsmi7XROUCAM3ttDeMHx9n90rItjTp3TMtg1RlWJ7HS5RfSS3Cq2RFFNO6xVGOQ/Ry6qpZ8FiFYoPwuspRWSseDlaytA0qEwaJMZTUIkOvdorNlUiNI9LbGxiYr0myfmb/I8iFVbyG1USmpqoZPJJrcfexHhm+cAuRZr5XubbM2ONjnkNuDYkhovb6QTIR3HY1tdW20l9XQ7s1tXKZGR1DWyNc4NzWDZGXIAII0I13Hmqxn1OpI7Wp8Kh8J5MbppXXZ0egMGV5aeChrplR55+aCkWMTk1MyyRIa5NQloVyGCEaoBiEqCRt5UF0NZkEmhXSOQIgCp2nizQG3A3+CpPgbhfmPNqeezrLFNHSjIuIqxKaGoaqH33KhdC0j7FQWLeN6kqOhykBxkiEyGh1pUlWSYympiZIZqKoDeolKi8MdlNi2OshZmdc6gANF3OJ0DWjiUu2zXi07k6M/j0ja6GanicG1ADmiKQgFzm7wx4Ja46dqZBLq/IZqNHlx41Ori+6/v3RkqKV1g1wII0cDvBG8EdosltbmeO9I6xKboTMDcOlijYz7jnB8h/8AUwftKzdROlo8fXkj7Jt/2X8k3YPDjLUtPCPrn+Ec9fJLwwtna8T1Kw6Vru9j0zEnWlHgFbUes8ng+7olRP0RFipLclMcmpiWh1WKCBQSJZAEeYqpdDeVTQGkXROSIgBiuizRvb2tPPgofBaLppnjeIHJKR2H4rLJHQiydBLcLO0PizoT66pbQ1MmROuoLE+GRQyaJcb7qLJocBUohj7HKyKMe6WwV0LasyeNYmTKI2bzv7gqy3H41RT7QT5JgeFND0rewzvOWLxset+wVZtRV+x0NLieTy/9nX0XP+PqUuy9A6aojaL6OD3HiGtNyb8h5pcE20kek12eOn00pP2pfmzuomEtdUZdwmc3TtzWPtBTMh4vCt38jYRYbHI1rZGNeBuzAG3geCV1djTCbi+pOjS4Nh0cTbRsa0b+qLea0YlRj1OeeR+Z2ZjFMWLpy1hAJcWtJ3ANaS95+y1rXOPgltdcjRigoxt8L/387EbZbbQSObHMzK5zg1rm3ykk2Ac0m7eGtzv4KIdL2OhqvCpLG8kHslbX+Pc38SYvY8/IeIVxYgUEgEIhkaXUgd6juXTpE/8AJ3etXwDH9p+RYp5mEQAIA8k25o8lQ7v1Hgs81ubsbuKKrDp+CzyRoix6rksVRoumSaOq3JbQ1MuIJFVl0yXC9ULknOpKj0b1dMo0QcXrxGwm/BWISM7gEJkeZDvJ07goYyO25d4nsxFU2z5muFhmYRqBewcDobXNvFSo9WzNWDXz028afyZxXUsOF0c0kdy/LYOdbM5x0aNOFzuT4rpVIz6rX5dW+rJwuy4MJsLhDjE2V97veXk9x3E+O/zS80k3sL06cYb9z0ukg7NwSqL9ROr6zooHv7Gm3edwHNOUqiZ1HqmeWYlUmPpyT1zEyJg4kzuJkcP2I3tv/wBRVuotnW02N5MkF2u39OP3f7D/AKPsKM1Q11urH1ie/wCiPj5KmGDkzs+LamODS9K5lsett3laJeo8U+B0oKHN1BJw99lFlkrG6MZpG+N+WvwVsSuaK5n0wZerecw6QAiABAGI9JVBdjJB4H4f13JWRdzTgfY84hfYrPJGlMeq57hUovYU0+gVGhkWXlFUd6U0NRLFcAVVov1Dj8ZjbbMTqHHRrnWa0Xc4hoNmgbypUWxuPHKeyLBlQCwPa4Fp3OBBafAhDTRSUJRk4yVMzeLSGeTo2+qNXfgrLYoX2EUHR2Hdoo7lm1Ro6cWTo7GWe5596Qao1NTFRNPVaeklt2cBy/eClyrcvGF1H6s0+E0QawAC2iSlY6ci4pqUdg5JsYJmeeRruUG2s/6OEcTnd4N3e0+xVyuthumWzkVcuAxT5ekZct0BBINuy4Sk+x0MWeWJ3FmuwDC4qePJEwNG87ySe0k6la8SSWxzdZqJ559U3ZNb2qHyIfsPKRY2VVlyPO5UZeI/grbuc7sFuZ/ktOnW7Zl1b2SLhajEKgAQAIAqtpqXpKaQcQMw8v5XVZq0MxOpHitYwtJCzM2kOSTRVomzqmmVJIvFlpBVWCU0OUiNHM6aUMaTbe49g/FWSSBO3QmL1QYZo2+s4th72xMs9/hnfk8mHtUTaSpHofDNK5SjN8Lf68L9Ff6mjw6I02GufJoZHB7QeF7AewKUvJuZvFc8cuo8v4VQ/stTaZnbzqfFL7nOeyNnDDuTVEzSmOVkrY43PcbBrS437ALq72QuPmdHm2y1M6WR9S8dadxf4Mv1ByWeb3o2wVJy9z0CmZYJkRE2WcQsE9bIyy3ZgsQlMtXI/wCi0iMHh1d/+4u5LHN3I6eOPTBIuaCPXwURW4SflL+M2C1xdIwS3YoCqQ2dKSpxIVVlkQqlyXdsfFUi1wSO0d+0nkNPxW7AvLZzNS7nRYJ5nFQAIAEAI4Aix3HRAHjW1NB0crxbcVmkqZvi7VmVqFUsI06AqJLYIvcJqzSw9iVQ2zXbM4RlaL+udX+P1fL8VSb7GjEq3ZrItn4HkSSxNc4W1I1Nt1+3zUwhe7HvW5ca6McmkZfbKu6aqjpmerEOkktuvuaFabEQ2/kv8Fgs0JKLSZpqY6LRFmSa3M3tzUZ2CnB0kN5P9MHUftGzfMqmSY3BjvcMGo8rbkWSYruaJy7IvKcapseTNPg6xmtEMD39g0HadwHNNnKoi8UOuZmcApbN11J1J7SdSeZKyRRvyM0FNSgapsYGaeR1RLcOATXwKXuOtQLYFBJy8XUMlbEGYJXceuC4wl/zdvqkjnr8VvwO4HM1UayX7k1OM4qABAAgBEAefekij62ccQD5jQ/BIyLc14XcaPM3i6WNO5IbRe1SQuRdlMPM0hkPqx2t2GQ+qPLfySnsOgrZ6XhFIWgXCz8s2XsT8dxZlNA+RxsGg+5OulSEKNu2ef7MU7nXmkHzk7s57m/Rb5D3qk32Gx9ze0MdgAqImRaB+VpPYE5OkZmrZk6OL5TUOe71eHgPVHvPmkepmtvoiX9SbaN3/wBbxxVpbbIpBXux7D3aeGl+/irQ4KZluVG11RmdFCO3O7wHqjnr+yozPsW00auRLwyOzQqwJyblxENFoijJJ7inj4fEKGA+w7teB9yuhbEtx7j7kUF9huXs4Kki8fcivF0tjlsSsKks8t7R7R/RWjTvzUZtXG4qRbLYc8VACIAEACAKPbCkz05NtWn2HQ/BLyLYdgdSo8RrI8slu9JNTLKWnJhAaLl1gB2k6WQyEaHAaNsTWQt1DdXn6zz6x+A7gFnyy7GvDGtzbU4AbqpjVFJ3Z5ht9X/KauKkaeo09JIO4bgVC7su+0f1NTs7SaZj5eCXyxzdIumA5rAX9w5oXIOqtkTaGrIa2JvrP3j7I3/h5qZulRXFG31EnC6UR7uIRBUys5OSHZ2ngCSe7d4EKJL2LwfuPXEbLnQAEm/81dbIVJ9TMvh5M8jpiNCdPuj1Ry96S/MzVtCNGghcBoQR7uasuaYtq1aLOE6J8TJJHUYJJsLo5ZEmktx5jHdlldJinKPuddG7sU0yOqI2Y3fVv/Xiq0/Yv1R9xiVpB1FktqmNi01sc0Z+db4/Aq2H1ojUfdMu10DlCoAEACAEQA3Uwh7HNO5wIUNWSnTs8K2opTHOQe34rNw6N/KsuKAWiY7j6rfF293L3qsmWxq2XWG0+SxLrk81kk7Zuiti6r6sRxFx7Ey6QqMbkeW7JsM9TNUO+m8gfdaeHs5Inski0d22en00YDQAqE/Mm08Abrb+uavGNbi5zb2M2x/S1Dn8AcjfAHU87pTds0JdMaNJCExCJMebHqrUUcjOba1hyCBm+T1rcGD1ue7zVZsbgh3JWFUoZE0f1f4KkVsXnLcepQcx42UR9RfJXSixgOibHgyz5H6eXLrZWjKmLyR6h/5QL+r7Uzr+Qv4brkcMw7ParOSKKD9zgzj6vtVer5Fuh+4zO+5v3KknYyEaVDND+lb5+4qcG8w1LrEy7W85Yt0ACABACXQAIA859KGEXAlaL318+P4+aRlXc14JWqGaClyNjY7e1ozfeOrvwWfJLsbMMdrLSCEySZiBZujfxSPUzS30RKT0j4h0cORp6z+q0d50V2tykXUWyr2OoxG0Ds08TxPO6pN7loLY3tINyIkSOcereihNvWd1W+J/Df5K83SF449UtyqwaHK0JSNE9zQU5TIiJndROGNLjoAL3Vm6RSMbZh8NmNRM6Y7nGzPuDdz1PmkPk2JVE1sberorrgS+RyGK39ypSoiUrHHGwsjhUVW7s7Y5SirQ6FcoOtcrIo0clVZIiCTjDf0v7JV9P6ymrf8ATLpbjmggAQAiABAAgCo2jALGX/WBUnwNxcmRp/WPj+C52Tk7OPgvqEaIgUynnXpCP53CO8+4qVyy34UWuz40CXItE2NJuUxKzKHaY/PxDhlcbcL3aifJbFwydQhQSy1hV0KkUe3biKOWxI6p3IkTjK7ZwdQeASh7NVDuTIiZcj4VhZGnPWCW+RseB6JWRSQ81MQpjjVKKsVyGCGyqlmc4f8ApvIpmn9YvVfdl0txzT//2Q==','Cadiz','Cadiz');
insert into servicio_estetico (tipo, detalle_Acortado, detalle, precio, imagen, provincia, ciudad) values ('Tinte','Servicio de tinte en Cadiz','Servicio de tinte en Cadiz, las más novedosas técnicas que existen en el mercado asesorándote para encontrar.',7.00,'data:image/jpeg;base64,/9j/4AAQSkZJRgABAQAAAQABAAD/2wCEAAkGBxMSERUTExMVFhUXFhcYGBcYFhUYGRgYGBgXFhgXFxcYHSggGBolGxgVITEhJSkrLi4uGB8zODMtNygtLisBCgoKDg0OGxAQGislHR0tLS0tKystKy0tLS0tLS0tKy0tLS0tLS0tLS0tLS0tLS0tLS0tLS0tLS0rLTctLSstLf/AABEIALcBEwMBIgACEQEDEQH/xAAcAAABBQEBAQAAAAAAAAAAAAAFAAIDBAYBBwj/xABHEAABAwEEBgYHBQcCBQUAAAABAAIRAwQSITEFQVFhcYEGIpGhscEHEyMyQnLRUmKC4fAUM5KissLxQ2MkRFNzgwgVFrPS/8QAGQEAAwEBAQAAAAAAAAAAAAAAAQIDAAQF/8QALhEAAgEDBAAEBQMFAAAAAAAAAAECAxEhBBIxQQUTIlEyQmGRoRQVwSNScYGx/9oADAMBAAIRAxEAPwDWNqE60/1xGtBqdaCcdaumuIXnpKx7Beo18dupWG19+pZ/9oumJ/Wf5KX9s1zs/JYNi7adH2esSX0mGM3RB7RBQur0Qs5E06lanOUPLxxh+rmpmWgS1pyi87fGU81ZZVLjE4u7m/4CFhtoF0d0ar0MG1G1hJJIlpxOwz4ovSqObg9rhx+qKMqAYKxUrYLW7MnbBRpWjYVK/ELnqi44UzxkN7s139me3MYfrYmsBtHn2nrBUbahLnGm7EGTgNbVatlqvNj4RqnUNXaivSkTSJyLesOWayjjea1p2Xnc8YStHPKNmNMuN4vMnZMAbM81LeLWwJLjlieaZQHVvng0b091ngm8Ywk7hv4nADehyxeAdaKjvec43QYGJ6ztg2gKEV3wXG9uEmZU9apJnYMBqaNQGxU7W4mRqAE/Mc+5VshGM9Y4mC4yWkgAniVPoys4uOJy2lVLIIe6odl1vgr+hrOS4xkBB3ycUGkBFYXuvi7CNZ1qyahFMGTIwzOadVpYVCB7x80yBdu/e7/0EuBjbaCqetskE4tkdiB1QfW3SSNRxPJEugz5a9p/Uodpx12s1w1kjsKglaTRS/pLNn61MmTeYYOJyVS00nMfEnHEYnJFdHU4rvHwVWyOIwIUGmaXsmPGbXFpWTswvggs1d2UmeJRCq5xAIJnigodk7WidOtkdRTSQqYT0fpIkXXZrP8ASqsScCe1FLRTiHtTdI2IVqV4ZwjGSTyaUbnkeknuD/ed/EVCy1uHxO/iKK9ItGvabwGWaAtC9GDTR5004yC1htTr7es7PaV7Z0KtUtEnYvBqDoc3ivVOhukIjkkqpFKTPZbNUEJ1SqEDsdukZpV7cpbkW2hF1oE6kkBNrSXO5K420wrrXiZ2qenbTCyOlekVGkSGva90nBkkczMLPnphaZkBkbC2e9dMabaKuskeoOtIIzTWWgrBWXptiBVoxtcx39p+qMWbpFZ6hhtUNOx8t7CcCg6bQ0a0X2av13Xzwugd5VuxW73jrkAchCzza+U8jt5hSU68JHEupI1tG04yrlC1Bz8cs+xZWlbp4qSra3XZaCftRmOWvkglkzyja0bUHElOtdoEQshY9NsGF6OOCsDSPrHYHAeP6wTSYI08grppa7rI1vdHme5BHNlpAzcYJ2ACfMKbSWl6dSs5rg1zW4AkSJyJCuWcUziGt5dp1qn6Wbimjsl4dUn6k0VxDAHHViBsG35tgQq01XPN3InrPOz7LTtMeK0VWwsdnO3PnjO9Q0dCNbk92JkyASeay000c8/D666/IAr04gDX3NHmq1oYdet5HgJWkqaCf1iHtMiACCO/FVn6CrANgNJDycHDKMM41oOlUXRzy0tZcxYCiCZyGQ1orohhEgRq5Y4ptDQla8L1N2YJyOvcUW0bYnesdLSJGtp1KVRNLKJqlJcoC1MGnjHYCVXszYYPu+ePmrtqYLsfaL3eQTLHSmnUnUY7kl7IDWQ90IF20vZ9yVT02Jq0/wDuvVno4btuH3qLu0Qq2lifWs2Bzz/MAk+YPQa0O0OeW62uJbzzCfpihNCqNjpXNH0rtfYJjnmrulcadYDMBSvkpbBi7O/AIhSwHPBC7P1TByz4bQiFnMmNWpXkSQbscOEdi5ZT6t905FQ2N5B3hEbfSvMDxmojoDac0UJxGBWE010bNMl7BgvWmNFajvCFUaAeCxyrTquAs6akeKEEO4FbnozViEzpd0ZLPaMGCj6OOxC7HNTjdHGoOErM9N0baDAVxzpQrRZwCKBcrOgc0JLrUlFhKj+i1J2dNh4tB8lUrdA7K/Oz0+QjwW8FFOFBeouDn3M8utHowsrsmPb8rz5yhVp9E9P4alUcbpHgvZzZ1xtn3I5NuPDm+jy10f3FqI3EOA5jEdylbo7SFPCpSo1Rta5zXdhEL202QbFG/RwOpBq4VUaPGBWqN96z1m8A1w/ldPckNLNbn61vGjV8bq9cr6EB+EKGl0fYNSTy0WWoaPHrX0qs/wAQe7/xR/WQqlfpO6o0spN9W06yetGsCMAvdmaEpa6bTxaD4ogdB2ZzYdZ6JH/bZ9E0acU7srS1ii7yVz5upBFtHEwvaLX0F0fU/wCWY3eyWH+UofU9Glk+B9Zn4w7+oFdSqo9qn43QtaSaPOaVpcNfbirtK3HWAeGC1tb0ax7lpP4qYP8ASQqj/R9aR7tSk7+JvkUynE6oeJ6SXzf9A7Le3XIU9O1NORCmrdDrY3/Sa75XtPcYVGtoG0s96z1BwbP9Ke69y8aumn8NRfdF4PCla5AHtezMPbxBHiE6nbnbQUbDuhfh3D8A5gHiAfFR/sVOCPVsgmT1QJO0wqNDSUDEd6tM0gw7RyQdNPlHLPTPuI+hYabKgqtbD2ggGXRBzESq1r0Qx5mXg45EEYkE5jcrrLS05OCkU3QpvmKOeWmp9xIW0IcHScHTkNkJ9spl7XgZuBH0xUgSEKL0NF5t+RHpqb6MlW0LXug3WlwPwuBw2YwkLDWbj6t2GyD4LXxgm3EHpIPtkHoIdNgmxtOBII4ghGLFTkFh15LgYntDgZk9qg/D/aQHovaRBobqVXUzkcly3Wa5VkZFSkOm9rGRIBPan1a73e9dPL6Kb0E+mhP0c+miZ1jbVplpEyF55X0d6i0FuomQt/Qt7mfADzKF6eswrkOAuOH4p8FoaWtHojU0VV8I7oo4BFQhVhFzAnsBRAWpn2o4gjyQdCoumSemrLmLLISUba7ftDtSXO4S9hPJqf2v7G5DMEi1SDJBelvSOjo+zmtVxM3adMe9Uecmt8zqC9JcHAFw1dDV84WjpZbX1H1v2iqx7yTDKj2sbsa1sxAH1TrN6S9KUS0C0etAIB9Y1r5xjOAm2i7kfR0JALjDgOAQDpj0wo6OZTNRrqj6hIbTYW3rrfeebxgNGA4mEBjQLoXn9l9LtgcAX07TSk/Exjhx6jzhyWr6O9JrJbmudZaoqXIvCHAtmYkOA2FY1wtCfK4urGOhdTYTgFgCKS6uIGOhJcXQUTCIVS0aNov9+lTdxaCraSN2NGTjwwJV6JWJ3/LsHyy3+khU6nQOyn3fWN4VCf6pWoC6EynJdl463UR4qS+7MRW9HrfgtDx8zWu8IVV/QOu33K7Dxa5vmV6CupvOmdEfFtWvmv8A5SPNXdGLezIMdweP7gFGLBbG+9ZnYawAf6SfBempI+c+0V/eKvzRi/8AVv5POaVB0kOpPbhrBHiM1Zo0A43QNU61vE0sGwdgSuoI/E5P5fyZehoYzu/WCvU9BNMSjjaY2BOuobmc09bUl2UKejGD4QuO0PRPwIjC5CBDzp+7BT9A0T8OPP6qF3R2mdyN3VyFrsdamqvmZlrT0ax6uPchFfQj25T2GO1b5zoVetUEZdyKnJHXS8QrL6mHGhn7Elr3VeHcuqTqu50fuFX2FpG306FJ1Wq4NYxsuJ2Aat6+bOlvSWppG1Gu+QwEto09TGScSPtGQSeA1LYel7TxrvFnY8igzN2F2o8TMHW1scCV55ZaUkQPey3CcJ3wrQjg8Ob6JqrbrN/fOaZZ2DqtiZfTafxOAPiu27rENGQI7ZjNT6PaPX2cvLWg2ml1icAA9pl26AmYqPpe26QZQouq1DDWNJJ3Aat+C+c+kem6lttNS0VPiPUZqawYNbGwDHeSVtPSr0nFSmyhSeHNeb7i0ggtBgSRtMmNjQvNA+MTOEx+tuXappDSfRyqZBne36+EL1H/ANPdO6bcBlNH+8LzJ4AftutveZ8CvSPQVaLtS1tOdyi48ZfPiFnwaPJ6t0i00yx2d9epiGjButzjg1o4nzXznardaKtWpWNeq2pUc5zi2o9oEn3QAQIHktn6VukXr7QKDD1aOB2OqOAk77ow4ysO09X9Z/qUlyhOemmkqBilbKwgGA4ipMSZIqAr6U0RafWWejUJkvpscTtJaCe9fLVnoX6zGfacB3n8uxfSHQ20j/26zOJiKFOZ3NxngjcCRN0t6QNsVnNWA55IbTYSRecdpAJAAkkwsfZ/S2y9dfZXiBiW1GnVqvALIdO+kn7Xai5pPq6QuUxzxqRvPc0LK2iI3nGO5v15JbjWPd+jXpDsdtqto0zUbVcHENcwgG6JPWEha1fPfoxcG6Us/wCNvaxw8V9BSjcAnVAIkgTgJIEnYNqfC8L9J2kxbLUWiCyibjCYOwvI4uAH4QszSr1KcClVqMxzY9zNYj3TuyQ3G2n01C6F5t6HtN2i0ftLLRWdVuGmWXiDdBvggGJ+EZr0iUwByS80096UHWe01KTLM2oxj7gcapYXEe8fdIgHBSWf0uWf/Vs9Zm9ppvaOctPchdGsz0dcQ/QWmaVsoivRLiwlw6zS0y0lpBB3hEETCXFH+0sktvtvDAi8JB2EZqWFgHQnJoTkQCSSSWMJJJJEwlwhdXFjFWrRbPujsC4pKmaSiyl2fLWlbS6q97nk3GGTibpccG027AABlqamNqGm1z3Rewa0apMT2CRxUlta01bjREPmYIF44BpaPlaOAMnEkNtRaXtaMKbAWyetjBvPI1xq4SuuPBBg6nEknU2TxOAHj2hS1qZN1pBnZqBIzO2BcXadMOLfsEueXYjqg3WzPCABrVhrwLxcetHVzwLyLxJ+62IHBK+DIpON1obhABg7RkPM80+yuBdjkMfMDt8VVLiSNhxy1Ny8O5SslrCdv6EdruxAw8dYuAwvuazLG7gTjwRbor0iq2Su51JrXes6pvTgGyJB5IPQkYj4Rl94gk8shzC7RMAxmIYOBi8T4cig+BohEPvuc9xJJOecknPHeSVG5+3j5YhOqtutaBh246gB2571GxkYczwALucx3qY5a0G5jbVRdUcGhr2uc44ACQ7M6sCOa9DZ0ha6wtYHAU2XwcRLw1ziABPunADbOwLx+3PMPn5RwBaDPMlR2cdcBvvAQTvIx7p7FnEKlYPOtILrzsZcSc/1GqNyirVCXbzi7waB2zyUYpwSd2BwJAmI3Sf6UrIJdez6zjyaHeJQQQ30Nfd0hZzsqsHMgu8CF7j0v03+zWKpVHvQG09739VvZn+Er53oW51ncy0XQ4iqXBpJg3YaJPEI3p/0g1NItpsNL1Tabi8gPLrzrsDMYAAu7Vg4Kj62R+9mc5guJKgoOxnU1riZ1BuHim0D1eAdzvODR3Aphqeydh78AncXGe+8eQSjHoHoTtp/a6zD8dIO/heY7nr1LpNpUWay1KsiQ2G73HALxj0T2gM0gAYAdTeM88ozWp9LWnBdZRBy6x46u6Ub2QNuTz60VviOJmSd5c4k8DCZWhwiNQ2HME/RU7RVMPOwNHH3T5ntTqQzzyA/l+hmUox656GLcP2erQn3Hh7eDwJ/mB7VvdJW0UaT6jsmgnjuXiHof0ndtb2zg5kjlB8Ct30+0xLBTacMScdxA71nPbECheR5/UsYdWq1Xu9rVN8mBMkbdwwU+jbVXoVABaK37uSPWVIGI1TGs6lTtNcl2eZgAbAfo3xXbTU9/IFt1k8m3vNQvIs4o9u6KWo1bJRe55e67DnGJc5pLSTG2EVLoWU9Gle9YGbnP7zKO6Wrwwic8F0KdobjmcLysBq/Smo2pdFFpbJg33AxjBPVjGF3/wCa02uDalKq0kAyA17cdWBB7kJNoBk7b0cPdB5p5LTckAxhiBnl5LnVeZd0Ym0sFsZWptqMJLXTBIIyJGR3hTyg/RkgUboya53eb3mizjC64yvG5zSjZ2HSkgrrGHOc8jFxk+WKibZHtIu1HjdeJ8ZU/O+g/lfUMvzSQQ1q4wvTvLWpKbrIbymeG2vodaWOe+k6nWxcQGm68E9WAx+ZumJnDFAdI6ItNCn7SzVWXjBN3CdfWbIjEY6ytfZNKukwdZ8Sjlh0+ZDZPBdKnNLJPbF8M8rNWm0ReAMD3oBDfhEZ6w7HzVKrag7I3WnXkMsY3gTzcvoK0uZUpgvYx28saeeIWUt1mp3HM9W0tiQ2627jriM0HW+hlSueWWci65+RIDWjZeOAHBoKbasBdG7tiJ/qW4o6As7mOJYWwSeo4txDc4WZtmiwKhAc7qsBM49YjABaNVMEqTSKrIuuOsw2MfixcewAcip9GUpcDq1cXTBJ4eKVXRb23W3wQSdWQAznfiE2z32sdDSQJEgjDIEgHY0AIuSMotE1rrZmcBq3DATtxx5JsRnibuPF0F2G4XR+JUKloBIDpGZdILcMYaJ3eKsVLQ0gYgkyZBwxxI3daeTQsDsr1wBTO3qA8S41HTyuq5oegWtLo6xPe7LsEn/KpGqJxPxE7TgjdlBDI1gwfmdnjuBjkUGxoo5bSGMJG0kYZ3eoI7zzVezezZJ1CJnVEH+YjtXbXUEgDIYfNExiPwnmV2o0m6zWSAeLiXuz4DsQG7KmljDGjDCnJ4uN5UtH9UEjMkjkp9L1Lzn7MQOAIaO4KDRoLXA6s+f5Zo9CN+oNFt1mGZcwcYDnOPIuCicZgAi6Ot+FsBvHWeafb3RTbGd3Vvn6d6YMG4Y9VrfGe+6EpRlS3kkOywb2ZdiuMqEUmA43WE5knGMMeKqVGCHj7XhABV546rj90Dm4z4IMyI67+q7AmXeAJ/t8FYa/Eg5DDnBEco7lXYMGzkXlx4AfXwT7KZDTj1nEnm6B3AoMYn6MW80LQ2qNQIgGJ+CAtNpu3urlpGF8wBOIE5dgCxdhd1xGou7ZIB7Vp7xJAbmBdHF0NvcheKnMeBNQpj1rIHVkxj8IJxUNqrj1W9z3uk7zs7FO590nKIhvyt609xPIKpULrrMG/BnsJcRhySFD1P0YWlrbOW65veSIadtxJjj+S8z0Pa332i8RiJjAXc9WTVsPXXus7XgMdgvHySSk9u0231XGV7TLro+63kSArVprdZo2O/tJQujSvWho132Ty6x8lPUdLxjm6oeUABTCbDok/wB9u9p7R+SOWp8BY3Qmkm0n1L043Rht1LSeuLmh0Z4rphP+nYhOHruSjJdlRudAC4XeCAROKSakoNsJ4XQs4JPE+JRWy6NkhwGWs+QQmxW5riYOs+K1lgqCAvalbaedG9y3WcW0w0nNALU/B53AIzpF/WDdglBK/wC6edrvBebJ5PSisDKJ/wCHMayMeJx7gszcvOqu+1VA5U23jHMhaa0dWzNG0Y9wHiUL0VR/4djzmXuJOy84F3Y1oC0GCavgoWmzGQNTGO/iMD8lBWpxSawDF0T+e9Gq9PqOI1tpjfj1z4hCLW7rR9kQPAeaDkMkBbazrE6hH18kGdR62+95I9bALx4gdgCjZQBfzPc0O8iFWDwRnG7BtWgQSd3ipm1aoODz72vHVv14q/WoSTwjsnyUjrL1v/J9FtwFADtq1M5GEasMITqWkKt4u6pIxiNv+EUpWXqj5U3R9hHWMagDxzwR3h2AOtVdIDtY1cUSsDATdJABdBxAiYaO4uKgt1nmtA1QPBSVrCYGGbAe849yLlwIo5YS0jXBMyIk5RkATyiB2qBrobBjBpcewR4IZQskmDMdbauspkvcJdEHWtdDZZZDsXbbgHMkfkrzpIgYXnO7ALoPYCUMoNI62/lhH1VqnXMZZYeA8EG0FFi0HrED4WtDeJ/LxUtlHujZAPJpPiUPNrhrnRkQTzyT6doNNwYRiRIx2/5WCds2D42u7BJPktRZQScJlxa0HZOZ4hs9qz1msplrzEQebnZcsUbsVoAeADJHiQcezHmpzyPBFjSLxBjJ0hu26IY3txKZaAJy1sEbgCI71HaHTXaIwa3L5R9YUhdLjs97sIKmUCVgJa8BuZbHbgB3rUsGTZykDtiTyCy1iddqscRsPDKFqKLSbzhngI2qUmMS6Hp9eo/ZMcTh4LlQD1rBGMAd8lXLHTgRxUF32oMZXjPAIARNo+lfqmMes047lsmHLYFmdA0us9x2wPqtJTyH63qkOBJkryk7XwTC/HgnnyVBBpSTnFdSWNc+UqFpLXuM/EfFehdELc6qWgrzRvvOn7TvEr0b0fMwL9QHku+btE5aavIO26rNSqR8MBULY72AAzc496kLpY932nnxTNKMhtKmM3EchK4jtI9OG7TYNjW9wLlTs7ALJRz9yrUO0kyf1xU3SypBDd5+nkrNdgDGUxkKTJ5ubPi7tQTwG2SppJsNPztJ/hux/KOxZurUl54+A+q0emnwBOt7e8EDxWSqPznYf5igsheCqXSSePfj5J9N3WHEt5Ei93By5Z24ScMfz7gmOqXntAygnl1oJ/WtXRBhNrfe5f8A5PgpqgipB/6h/v8AoE2i03HuzxnvdA8E6uQKo2Xx4E+am+SqWCI9Wm7aGYcYJVnQtL2RnWW8ol0eHaorePeG2Rx6v5q7ZG3bPviebnfQFK3gKWQBSp3q07SO8yi1qs4uAx8H9zx5KlZh7Znzf2uRq1N9m0ayHDsc9NJ5QkVhguy2PrM4+LoHiVWo2X2j/wAQ7HFaBlHqUzGsKpTpe0qHVJPafzKVS5GceANTswuj5j3kT3Sm06HVJjN3gTKJ06Xs/wARHfCdQpg08syTz14cUdxtoBrWb2dT8P8AaPNT2yz/APEUh/tA9yIWmkPV1eE/zD6Kc2ebQw7KDe+fojux9wbclbSDIY1uRdUI5NDQT2KlVtBD8DkD3DDz7EU0q2DS3NqOj5qhaO5qE2OlfrfdaHc3HZyHYEY8GlyHOj9ndWcb5IN0YjUDqM8Fc0nZhSvODiboyw34dyKdF7ERRNQj3jP4Wgwh2nnYP+XwH5qad2VtZCsNrDy0uBE3ctgWso6XpMb1nQZgThjx4LHaOp4N3fRWtOjqjiP13IWuw2wbSw6TpXffGRx2knJOFZpIhwkz3rC2T9y4RqRnQzsG8EslYyibrQ7hOfDlmjjTiAvOtDaUqsqPAd1b2AOMYZDYFrdFaVdUOIAIwRTSFlBhsjE9ilGfJQ06TzlBVv8AZ3bB2q8YtkJNIjdmuKR9AykkcWDcj5VtOjes6Np8V6D0Os/qrISc48lmmU5eeJ8VtKns7Jhngr1JelC04pSuQOhtFm1xw7VDpB/t6Y1gM8QuWr3qTd09yc9oNpk6iwDiMVAuUtPde0tDshJO79YojbweoYxcynPN4Mbtf6CG2pwNpcSJie0l2HgEY0g26BOfq2+ABPNxjkUrwhlyZ/pDU1TMOpgb4ErNV2kz8wHejumjLzsD+5rM0AtFfqOdGvCcscCT+taMEaZJRZeGGIcSBvAAaSeyAqYe28bvutN0fhgctav2SQLxPutJ7R9S5DLAzFg2uk8Z/wAK67IS6NC39xO2D2CVHahFT8be9gUtrBFID5m8wIHgoLS6S0/eZ/SFHst0OtLus92sz/SFfqGLPlmGeAPmUNfiSNuHeAiul3XGNHPkMUkukMuGwJo/GoNoc7sP+UfrNvBgG/sJcFmtBGXEnGGjtwk+C1VlAJZtAPhOPemqYYtPKJmMPqxGo98tHmhrW4vOw49ro8EYrNuzG0Hl5IOw+/rkNH8rneY71KLKMr1DDBwJ7C0+ado8ezI1gu7sD4DtTRjhq639o8ApNFHqY/7k8JI+icUr1afs6/yAIlQpe3bIyosnscqYN6nXnMNHZMfrii7B1zhlRb4FLJhSM1p18+rA/wCkHO15ueRhrxOWuVa6PWGX3d7QdcTgRx1ns1Kpph4bV+WnTHCG+K0PQSgbpqO14AbJGfHEnmqv4Sa+I1LqVyzGMIYTwnIdl0LG6cdg/gf7Qtppt/sqo4DlLAsVpDrOdsJjvaUkShcsDMQNgPdgpNPjDkPBc0J1nOGzwKk6RCOxbsdcFLRn7t/yhFNCZN4FDrBg1w+4iehfdB+6UJGRJo53tjvctd0Z953FZDRo9vG8rZdFG9Y8T4pEryQ0sI2Vi1K8q1JsAKRlcFelBWR5tR3Y2pmklUzSU3yKfMdhrh9SPvHxW10w6KTG7S1Yno/Tm0D5j4raaePXpN3yhWxZFaOSrV/fAbGqWj++J2EnuUFTGrUO4BOpvmo+MmtPPBSLFNjL9cDUQHHeS4R2AFGtL++/5GgcpPihehm3rROwNHfUJ7la0nUkv4NHb+RU58IePJm9I1Jvb3OPYMEBtpwjVJ8vNF7S+S4/MeWA80MqNF4T9oGOcnwTwFnwTkexefugd5+pVexM9o0xGAHEuIMmeHcpqpLqTm63OaPAJNMVbuwt5ahG/I9iouCUlkKaQpltOmBkS4567sqm52DTuaf5UQ051RTaMmkjsbHkhZPUZ8rfBwUlkq8MtWWmTVaNzj/CPqVP0qqENO5p8IU2g6MvJ+yXDtJPkFQ6TPl13bh2QSlWZoLxBlboyyKjh/t4jfLVqLA33DrAx5ErPdG2Yvcfs+Db/wBFq6dPZ9l3aSfqhWeQ0lgdbYDcfu9+aBU8KdTc3+1w8kc0s2WmNvkfoEEeOpUO6D2n6pIjsqU3SGu2td2h/wBFZ0f7kxhdefEqnQ91gy9mRO8kkHvV/RjfZnc1/wDS5yoxEMo/u6p1lrAe0GUWtDP3pGui0DcbqE2bCnV3UWHjEQe5HCM51so//WMO5I+R0Y3pA727wMy48oDWDzW36MUw2i3ie4D81h7R1rXUnGKgHYSceJW60f1aVOcMfEY+KrUdkidNXbZa0tWljt7vAj6LK+84b4PcEb0rVNzm89mSE2JgLp2MHmPJIngo0X9Asi+7fHepekzZp3vuhTaIpXWcSSu6cp+xcNg7lrjIE6NHUn/b70V0LhTJ3GEO0MPZfhI8ET0SIpwlmaKySaLZ7SdxW16Fsku/WtZSxth7jsatP0Kq9UnahRfqRqq9LN04YIa5hvKx+04KNpkr09x52z3J3BcXXZpKLeQWPnXorY3G0EkYSdY2rRaUY51oAj3QuJKFWo7otRWCramOayo6MSY1ZAptnpumsY+GMxrCSSm6jsURc0LRIDnRjeqnMYXSWDxKo2q8QcMyNmpJJJKo8DxM+yzuxwzB1j9alSNlfOWvaNjt6SSeM3cWXBNRsjpbhm8jMapJ7h3ptGxuNUujE1hrGQdAHDqhJJOqjsI1kK9JaLiRh8Tjq2whNWzv9UzDU2cRvO1JJTjN2Q8uWanQllLWOJGJqbsmwPGVm9OWV5rbACZOHDLmkklhN7mNP4AroOzG+0XcJeYkH4cJ5I9RoEObhrPeSfNJJJVm7j0+BaSpu2awewEoNa7M4Nr4azrGUf4SSSxmwsGVLO4AQMmDZsb+aI6KoOFOph8DjmJ9yoI7ISSVZTdiaOWazksqCP8ARA1agjTKR1jNtPZqYJ8EklPe7lFwY3Rtle6qHEYvfeOIzETyzW3q0z6qkIzI2fE7BJJUqTdxKZR0pTcSBHwv17YKj0fZHQcMyBmEkknmOxTsL06RAaOfaVY0zQJZEZsPiuJLb2EBaEpOu5aiNSJ6JpG4ZHgkkhObsGPISpUoFQ/dWi6F0YpCUkkaMnvQK/ws1TaIUjKI2pJL0N7POuPc3HNcSSUnNgP/2Q==','Cadiz','Cadiz');
insert into servicio_estetico (tipo, detalle_Acortado, detalle, precio, imagen, provincia, ciudad) values ('Depilacion','Servicio de depilación en Cadiz','Servicio de depilación en Cadiz, las más novedosas técnicas que existen en el mercado asesorándote para encontrar.',7.00,'data:image/jpeg;base64,/9j/4AAQSkZJRgABAQAAAQABAAD/2wCEAAkGBxIQEBMQEhIVFRAQFRAVFRUVEg8VFRUQFRUWFhYVFRUYHSggGBolHRUVITEhJSkrLi4uFx8zODMtNygtLisBCgoKDg0OGhAQGy0iICItLSstLS0tLS0tLS0tLS0tLS0tLS0tLS0tLS0tLS0rLS0tLS0tLS0tLS0tLSstLS0tLf/AABEIAMUA/wMBIgACEQEDEQH/xAAbAAABBQEBAAAAAAAAAAAAAAAAAQMEBQYCB//EAD4QAAEDAgQDBQcBBgQHAAAAAAEAAgMEEQUhMVESQWEGMnGBkRMiQqGxwdFSBxVicvDxFCOS4SQzQ1NzgpP/xAAaAQACAwEBAAAAAAAAAAAAAAAABAIDBQEG/8QALREAAgIBBAEDAgQHAAAAAAAAAAECAxEEEiExQRMiUTJxBTNCYRQjUoGRobH/2gAMAwEAAhEDEQA/APcUIQgAQhCABIUXVRX1Zc72bDYDvHn4BQnNRXJOuDm8Is3zNGpA8wmHYlEDbjH1VYaJp1zKjzUYCXlfNdIZhp4Ptmjila4XaQR0Xax7Kh0TrtP4PitLh1c2ZgcNdCNip03qzjyV36d1c9omISBKmBcEIQgAQhCABCEIAEIQgAQhCABCEIAEJLpqeoazU/lcbwdSb4Q8mKioawXJ/JVfNiTj3RYbnXyCinM3JuVTK5eBiGnb+oeqKt0mQybt+VHOS6LgodTUAKhvPLG4xS4Qs8qrauqsmqqsRQYRNU5gWb+o6eW6h28It4isyPQ0IQtExgQhIUANVUnC1ztgVnYX2N+Z1VvjUto7fqP0VC3NJamXuSNDSQzBssRUIMoOSgvFl0wqn1H0X+kuzisiTOEVJinH6X5O+xKmEcWuichjA0Cilie5EpSTg4su2VbDkHtv4hPArL1FPzsuqHE3RGzs2fTwTUdTziSEpaT25i8moQm4pQ4BzTcFdpsTFQhCABCEIAEIQgAQhJdAAuZJA0XJsEzU1QZ1OyqaiYuN3enIKqdiiW10uZKqa8nJuQ35qulk3OabknsoFRUpOdjZo10qPRKkqgFF/wAcXGwVbNKSURv4fFVqRdtRayVNhmVWvkdI4NYCSdlJoMMlqTlcM5uOnlutfhmFR04s0e8dXHUpiFcp/YXsvjX1yypwjsyB782Z/TyHjutGxgAsMgF0EqajBRXBnTslN5YIQhTIAkKVIUAUfaGTNjejiqtpUztA/wDzQNmj7quLrLK1EvezZ00f5SOMQrAxpcTkFJo3cbQd81WvpxM7hI9wa+OyvqaKwVVacpZLrXGMUvJ0yJPNIC4lfYKKJc0zlRFdrkTZDkquqbfRTw64UOpZbNQt5ROrhhg+J+yfwO7jj6HdatpusBVM5rS9l6/2kZY7vx5eLeR+yt0lzfskU66hJepH+5eISJU+ZoIQhAAhImpahrdSuN4OpNjpKhVNXyb6pmepLug2UOaUDNUTt+BiujL5CR6rqmq5Jirr+QKrHTElJynlmjCvCyS5ahRnOvmpNHhssvdabbnIeq0FD2bY2xkPEdhk3/dShTKRCzUQgZmloZJjaNpPXkPNaPDezDGnilPEf058P+60EcYaLAAAcgLLtNw08Y9iNmqnPhcI4YwNAAAAHIZLtCFeLAhCEACEiEAKkKEFAGTxl953dLD5KFJnkOadrHXlef4nfVdQsuVj2e6bN6v2QQ7RwABTzkFxC2ybqpcrK2K2ook3ORGqp1XS1ljqitnsFiO0WN+zIsfiH1CUnJylhD9dSSyz0ekm4gpMmYVJg9R7oO4Vs2S6urlmIvbXiXBDkYm6Cp/w8zX/AAn3XeBVg6lc/uhPU9GGW4Xt487ucLkdG7KUKpbsojO2Lg4s0YcLX5Lh87Qqcy5gXL77X1+yfbca5D5rQ9T4Mv0cdkl1b0SGuO31VfPNnYC6OPdVu1lqoRNfVOPQJiWRRpJ8lBq8RDBmq5WfJbCj4Jss4aLlUFdiJeeBlzyyXdNBLWPszJg7zjoPyVrsLwiOnHui7ubjqfPkowrlZ9iVlsKeO2ZvD+zMr/ekPANtXf7LQ0eBwxaN4ju7P5aKzSpuFMIiVmonZ2zkNslSoVpQIlQhAAhCEACEIQAiEiEAKuXnI+BXSaqjZjjs130XH0dXZjNXHxup9MxQ6WPIX81YtyCyorLybdj4wdSPsFXVEqeqZVW1EijbMlTWVOM1FgV5l2kkL3+C3ONzarE4kzMlL1P3ZHbF7cHpHZ2p4oY3btb9FfxSrCdh6zih9mdYyR5HMLYRPQntk0RlHcslvUzxOiDHOc1x5tPCb+JTWHSQsFgyR7t3B7vrl6KEH5hw7zTdpsMjopbP8VMOKMxkjUOLgR8loVT38eRGyKgsN8E2SWa/utaxv8R+wQYTfikmy2aAPUm6rKzDsQcO9EP9Z/Cj0OHSB4FSQ5txoXNbbqrdkvgoThjv/Bc1eIMYLAgZakpiGrY4X4vUrmamomPHuscToCSbepKhuqqeOQvZC3jGQIbkPDkPFVyTXZbFJrhMmyyDh4vhUTC8HNXIZHkiJp5anYDZLTulrn8AaWsFi51ja21+ZWzoqVsTAxosB8zuV2qre8vopvv2R2rt/wChaanbG0MYA1o0ATyAlTxmZyCEIQAIQhAAhCEACEhTM9Q1gzPlzXG8HUs9D11HlrWNyJuemar56pz/AOFu35VfPUtaqZW46Ga9Nns010ISK8VOlW43V8DOEd59wPDmVYOdYX5C6ylTUGaQv5aN/lS+os2xx5Yzpat88vpHVO2yclksk0Uad6RztRpqO55GJ3qtq5MlKmeqyselZPI7COCgxR1ys1XDNaCuOqz9bzXK1yTn0HZ3ExDVNZylFj0Pw/demU8lwF45gsftaguOl8vLRenYZORZrtbCx3CtvjhpoqqllYLwuUnDa0seCP7jZQWvXYZzCjCbTygsgpLDNzBO2RocPTY7Jmopw66ocJrjGdwdR0Wm4w4XGhWzTarI/uYN1Lplx0VlLRxA5xtO92i6uYYWAe61oHQBQC2zr7qbELKxRSKpSb8j7WgaBKgFC6VioXHtBe1xfxXaABCEIAEISFAAke8AXJsFGqK1rchmen5VdLI5+bj5clXKxLothU5dkqevJyZ6n7KC93MnPcpuacNVVV1yWlNvsdrqS6JVVWbKmq6m6bkqCU1wXVMpZGopI9NSpFy94aCToBc+C0zD7KvtDV8LPZjvSa/y8/VU0AsFzUTmWR0h0Og2by/PmuwVlW2b55Numr060vL5Z1K9QaiROzyKuqJFROQ1XAbkkUCqfkn3uUGrfkqBhFRWu1VHPSyTOMcTS6QteQ0akNaXG3WwOSuKo6q8/ZVR8ddJKdIYzb+Z7gPoPmr6IbppFOonsrcjAdlYvfXoz6S8YLe8Mx+FF7d9nBRVramMWgqnG4GjJtSOgdmfIq4ws8TB4K6yOJtMppmpVqaINHWXyORGRHVWUMiq8Uoyx3G3UfMdUUVYHeKVcXFjSeVkvGOsbq7wut4TYn3XfJ2/gs5HIpdLNyKvpscXwLX1KccM1zgn6d1xbb6Krwyo4hwHMt0O7dvFOtqXcVgC3W97LWViayYjpeXH4LKSYN11TElUeWSiTvNwdQueJx0sPO5UHNsnGpYyzmqPu35780tJijm+6/Mb8wkqXWGZUfgBVTck+C5QjKOGjQxShwuDcLolZ+LiaciR4FSSSR7zjbxVitz4F5afD7LCWraMtT0UOaZz+dhsFFfUMbqVAqcXGgUZWfJbCn4J0j2tVdV4iBzVbUVrnKPHA+Q2AJPRUuT8DKgl2d1FYXKO1pcrqj7Nyu71mjrr6K+osAij1989dPRdVUpEZaiEeuTL0GFPkPutv1OQ9VpaHAGMzf7zvkrlrABYAAJUxCmMROzUzl1wN3VN2jq7NEQ1fr0b/dW0rw0XP9dVj6io9rK6TkTYfyjT+uqjqrNsMLyWaOrfZl9IWMWCHusguUaaRZbeEa8Y5Y1O9QpXXTsj1GeVS2MJDchyVdVPUydyrJ3LhIrqord/skjAbOebuH0F7LBz55L0L9mIt7VuzWD5kpzR/mIS1/5LNZj2Ftq6eSB3xjI/peO64eBXnmC8UZdC/J8bi1w6jJeprHdssO4JW1bBkbMl8fhd9j5JvVV5W9doz9DdiWx9MYngD22WSr4DE+4WsgkuAVHxehEjLjVJyW5ZNSD2vDKikqTYcWVxfoRuDsrFkq67M0zKmN9I82kjJfE/m38jp1UaenkgeY5BZw9CN29FCVbSUl0djapScH2i2psQewHg1I9fwqOs7fywhwkgJcDkARYjcu3U2B6j4nh7ZW5jNShbJLhkZVQb5Radj+0QxLiYXeye3RhseJvMgrUjBAdZHnoCAPkvGWU8lJM2aI2cw3/v0XsfZfHWVsIeMpAAJGfpdbPyTmnsjPh9mfrITr90ehifAHWPDJxHkHC3zCqzM+E8MjS0/I+B5ragJqena8Frmgg7hMSqXgUjqJfq5MszExe11zU4rlYaqyn7LQk3a57OgII+al0WBwx293iO7sz+FX6cui531rlGWiop5zdrTY8zkPXmrSm7LH/qSeTR9ytQGgaIspqiK7KZamb64KunwCBnw8R/izVjHE1os0ADoAE4hWKKXRS5N9sSyVCFIiCEIQBm8dr/AHTGO9J8o7/f6KkbkuW3J4nG7jmSUOcse63fLJ6HT0KuO0WR6iyOXb3plxS7Y1GODhyjyFPPcosrlAmRp3KumKlzOUKRdQEa2fgt/wDswH/OPRn1JWBkNh4/QLZ9g6sxMlI+It22Kc03E0I63mpno6ZrKZssbo3C7XtLT4HmFU/vZ2/0S/vV+4/ryWnui+DCUWujLUzXQyOgk7zDwk7jk4dCLK2hFwQoGJuMkrpd7N8eHQqTBJYXWVFqMml0bzy4JvsoatzqSpbMzkR5jmFvq6iirIWncBzHjVpI/rJZbG6YSMLuYXfY/GXNBpnfDcs8ObUxTJJuD6Ytqq5SirYdogVdK+B5Y8WPI/C5u4KdikuFqa9rahnA8DcEWu07hZKeF0D+B/kRo4fqH4VV1Ox5XRbp9R6qw+zispA4aKtoJJKOYSxHMd5vwubzBV8B6JuqpQRdU4ae5djGU1tfTNxguKsqohIw9HN5tdsVYryeiqpKWT2kZ/mbnZw2K9BwjHYqhlxcOHeadQfuOq0qNQprD7MbU6WVTyui2QmxM3dde1buPVMiZ2hcCQbj1S8Y3CAOkLn2g3CT2rdwgDtC49q3cI9qNwgDtC59oNwj2g3CAPPy6yae9NOmTbnrzzeT1iiK9ybL1w96ac9cJHb3qLM5duemJM0YAjvUeQKU5qr8Tn9mwn4nZN8TzUkiLZBlnu8gaDIeS1HZ+vdFGQ1ocHG+YPIeKxsC1WEOZ7Nv/EhpNyWgnI+SZq+rIpqfowaGPFHc4x5cX5UyCcPNg0gnxt81WUjS7uz39R9VcUsTmEFzrjxTeXgzsLdgky0vu2smPY2FrKya/JNTR3VDgNqxrhkUx3aRuFnKuAxPbI3VputNZRMSg4mZahRkuM/BdCXh+SdS1Aexrxo4X/IXGI0gmjLT3hm07O/HLwVNgNVwkxHTUeOp+6vQ5NwkrIcmXZCVVnBQUMpF435Oblb7eSnEZKLiLLzFwyvbzIy+ydD7jNINbW0aq90UyJVRg6HNR6dzo3B7DZw/rzCSpdd1mqYIctM1Fd5RLjG1mnwrEWzsuMnjvN2P4UyywrHvieHsNnD5jmD0WtwyvbMziGRHebsVo0Xb1h9mTqNN6bzHr/hOCW64ulTArg6uuguUoXQwdBKuQUoKDgoSpLoQB5yHJS5RWPXfHdefPVg9yaLkPK5XQFSEJQEqDgy8LKdoqn/Oaz4WNB/9nLUVT7BZtuGCrn4+FzhkLAkAgb+quqjuZRbPaslfTufK4MjBJvmbEtaOtltsLwV1h7SFhb+qNzgfS6u8B7NCNoaGBg2aDZammwsN/sn66EjMu1WWUeHYPGO7xtOxN/sruKiIFsiOoVhHSAJ9sVkwoJCUrWynNAR3XWGxzHlzTb4pBt6kK4lYVBnhcVW6YlsdRPyQmvBy+IckzK1dOw4h4eAbg8ttk8+PVL2Qwxym3Jkam8UwcNxZaOnlD2hzb2P15g9VU49TXF7f3UTBcRfGbDMHIg6E/ZV1WbHtZdqKfUW5dl/UU92jcXt6qE+keeismVgJvY2Iva2Y8uY6hPMlY7QhRlGLeTsZtLoqaTDw08RzKel2VsIwuZKUFSUMIg7Msopo7puCcwu426jUbhWNVTkKnmFiqOYvIwmpxwbOCcPa140cLhO8SzHZ2u4XGFxyObb78wtG0rUqsU45Me6t1zaHg5dArgLtqsKRQulzZKAgiKlukS2XQPLYbFuoHiuyR+of6gvV3RNOrR6BMPw+E6xMPixh+yQeh+Gaq/FPmJ5PNWRtzL2/6goMmNwjL2jfUL2H90U//Yi/+Uf4TjKGNukbB4MYPsj+B/cH+KL+k8bZijXd0Od/K15+gUqIVMmUdNM4/wDjLfm6wXsAjA5D0CWxU1oo+WVy/E5PpHltN2Hrak/57mwRc2tdxyOG2WTfmtthHZiGmaGsboLXOvmrxKmYVRh0JWaidnbGmU4CcDAukKwpYgCVCVACIICW3RLbogBosCqK8cEluRF1ecI2TM9Ix/ebe3UqE4blwW02qEssztTTB4tuqh9A2K5cD4ra/u6PY+pXD8KYRY8RB5Egj6JaWmbHoa2K48GPN7BzQeEC+dw4eX3Cewqp45S2WP3XW4HaHi5m41ByWhrcEEjCz2sjWkEe7w/W11XUHZCOJ7ZHTSyPYLN4ncLQOrW6nxQqJJo7LVVyi/kcqmiMe7f1um6WuB1+atJcNB5qHNhG2qslX8C0L/EuTp7A8LOYjS8LuhVq9ksXwuI8Co5rWvNix99jG/8ACWthn7j1EvK6KCWMg3GozC0GFYyHANkyPJ3I+OxSPouYjeRtwuBHhlmhuGGwcGOsd2vBHyUK42QfBO307FiRoISHDKx8DdPxsWSjBc4tYH8TbXbYgkX1Cv6ahnJaXycIBBsL3NuRztZOQscvAhdp1D9SLMsXPAn2pLK8SyNcCTgTxXBKDuSRZCELpEEiVC6AiEIXACyLJUIASyLIQgBOFFkIQAJQlQgAsuSUqF0BOJBehC4AcaTjSoQAnGjiSoXAE4ilLihCkkmTaQnEk40IRhAkguuboQuNYOY4FulD0IQRELk2UIXAP//Z','Cadiz','Cadiz');
insert into servicio_estetico (tipo, detalle_Acortado, detalle, precio, imagen, provincia, ciudad) values ('Pedicura y Manicura','Servicio de manicura o pedicura Cordoba','Manicura o pedicura en Cordoba, las más novedosas técnicas que existen en el mercado asesorándote para encontrar.',10.00,'data:image/jpeg;base64,/9j/4AAQSkZJRgABAQAAAQABAAD/2wCEAAkGBxMSEhUTEhMWFRUXFxcWFxcXFxUXFRcVGBcXFxcYFRUYHSggGB0lHRcVITEhJSkrLi4uFx8zODMtNygtLisBCgoKDg0OGxAQGi0mICUtLS0tLS0uLS0tLy8tLS0tLS0vLy8tLS0tLS0tLS0tLy0tLS0tLS0tLS0tLS0tLS0tLf/AABEIALcBEwMBIgACEQEDEQH/xAAbAAABBQEBAAAAAAAAAAAAAAAEAAIDBQYBB//EAD4QAAEDAgQDBwIEAwcEAwAAAAEAAhEDIQQFEjFBUWEGEyJxgZGhMrFCwdHwByOSFFJicoLh8RUkorIWM4P/xAAaAQACAwEBAAAAAAAAAAAAAAACAwABBAUG/8QAMBEAAgIBBAECBAQGAwAAAAAAAAECEQMEEiExQQUTIjJRYXGBofAUkbHB0eEjQlL/2gAMAwEAAhEDEQA/APb0iq7N84pYZuqo6/Bo+o+XLzXnObdqH13ElxY0WDGkhvrzPVZ8+qhi47f0F2ekY7N6FKddQDoLn2C5l2Y067dVJwcBvzHmF4/iMa07m3sEVgH9006HuaXDxFpIsbxCXg1OTLKqVG3RaOepltj+bN326zqnQw5YZc+p4WtbFoLSSeQEj3WAoZhLbiPNB5gQ47oGtioho32TZ5pQlXg9poPTY6fFsu7d2en9jK3gf/pP3Vz/ANbosMPqNFpvtG+68upZvUa11NhhroDo3IHCeAUlevqOp25P7ARXud2c/P6N7uaU5uk/p34PTK+cUakNp1GuO8A3t0QDamp8LD5bUNOo148vMcQrT/rLpOmOpNyl5McpSszz9KeN7cbtfc1FWCYXKgVRluaanDVY8ORPVWVSteDudlnmnF0zJkwyxyqRIRZRFOqP4IPF1w2yW+ykmTB1iqjEXJlWjbMk7ngqjFOiYQzGQKPMmQtd2Ypxh6Z5ifcysnXYatRtMbuMfqVv8NSDGBo2aAB5AJuJeQc8uEhlR0lJhTHiSntEIJcsBcImhSNKia5OYVEUydpTlFTKlRoWxj01PITCiKRdYd0tHknlD4X6QpCVvT4OdJcseSonlIlcIUsiIqbpPknGqNWmRqiYkTG0xyQeMxOio1uh0bl+zQL2nieiGyzIW069TEue6pUeTE7MafwiOWyFthtcWWmIw7ajHU3iWvaWuHMEQV5FmmVnC1HU3GdJsebTcH2XsbVms47Lf2nEmo50M0tEDckIZwTOr6PrVp5yU3UWr/NGIZijFgur0ZnZykABpFklWxHRfq+n/wDJ5Hj8a+s8vqPLiT6IZ7h5rRZd2Vr1jLaZDOBfLAeotJ+VcN7AVv79IeWo/cLkrFOXKTPGpM81xIcL/wDKuq+MDgCDYiVuqH8PR+OqP6SfuQg+0nY+jQoOq09dRzbuFvpG5DQLrViWWCdx4O56Pr46XI/cXD/Q8+rPN7qGmLqU4ik+o1oOmee0wSBbnEeqIzivpNo3LdhPNDKV8nsI+o4pRvG7HUnGJGw35+gWdxGY1+9Y8EyXFrW8CJ2jpKuaNJ7hJDo5xA9ERr5gSNjyTIy4LzQeZKpefH9+f39C6oYoAQSAY9JUdOq0XmVn3slyl7m1vvBTHqG30PeBJGtwOKY5wi9xbeb7LR4arJLnfVsByH6rB9iGP76pEfTbWdiTu3mVr8LQqUnzUIIOxG3XyQZsrkk6OBr4R9zavH1LS1ySqqng3V6oeZ7thsBu8/kFYYWox8veJbMNZMB3U8wrrB4qm/wwWHgLQegS4RUu2cycpQXRSYipBu0jzVVjhYlaDNqzYLfxD4WZxDS9zaTfqeY8hxPoJS8kalSY3HyrZN2Ty8lzq7urWeX4nfl7rTVNkqNBtNjWNsGiAmVDK01sjRkct8rI2pzguaU7SkMOx7Qu0wZXQ1PhWkC2cKeHLgIXXqydkgTSkwrjkxMCgzL6m7fUI1VNJ+kgqypVJErVjlxRjzRp2PK6uOUNRMsUlYLnGHa+mWy4kkWa4tO97jb0XctqOiHNgcPLqpBhg8wZgQSjCxJcZOV3wg26VHWpzWJsQpAUzcuhbOwuJySIEFlcqVICcAoarlLLIq9cxZUmNzF7GEsaXEcOaKzCtZZTMsW6CBzgBLk74H4cMsslCPbPN8zw9SpXdUd4ZdqiIM/4RylXrW96wAwXbxaYHEfb0R1XCBvicJcePJUbq2io2QRMiRu13MLLLFt4Z7XRenY8WJxjy/L+paDEkEU3HyJ2IUFWnfxAge/l6J1esKwaAJ0yJ8yNxuOcKFlMnc3+HDbfgVI4tvRvxwUV9CenhWnz+D5Jxw/KEbkOX1K1UNAkC5dwA6rXVux7T9D46G/ynqCM2o1+PBPbORksuoaSCIsZ9Qr3NcxNSlMBsNMBoi8bq2o9iTpM1S0nbSNvdO/+C0yNLqlQiIjVH2CXqMc5UodeTjar1DTzluu2jLZDmQrUgWOBLPA4Dg4WuranmGndHYX+H1CiD3Oqm47uBknzBsUJjeyeJ/DVYR1aZ+Cs09NPwZ463FP5ipzXPAAYRvYWi6prxTxa7Kc8R+Ij1t6FVGI7E4l7h3lVjWSNWkHVHGCeMStsHtZTbTYIa0AADgBYBFiwuDuQObPCcduMkqvJK5CFD0RRCJuzPtolATwEwlSUnWQFHU5yieVNNlZCKbp7kK8+IIl5sSrRBawmOqoJtSbi4RFN4IUsLbRLVreEj091c4ezQFmarrgc3AfK0tNphaMLuzLqlVEjSmk+/K/tHlwT6YT4tHonNGROhmHFjaLqQpumNuQSD1a6KfJ1wQ/eaSidSjqYfUQdoMnqkZYSfMSghcXYSWimUQOKCxD0XUQVYSqZaKXG+JVGPw5sQLCy0VTDSVIzCAiCN91UeHZt02b2ZqZgsWOaoczpRDo2N+i9Bzbsxqux+njBEj0IIWbzDKnNPEx6bK8tOJ6nT+pYdvwvn6GXpU9XjYSHcCLFa7sngm1y5tVoJF7WkcZjjMKto07weB4rVdjMKRXkC2kz8IMeJpWaNfqf+ByXDq0aPL8sZRBFNukHhf8ANWOHpokUk4NRqNHicmdz5b5OgJQupIzPYxwQtV8ItyDxIshaCTKnNnbcpQDgpsyP035oHvVkyvk6GFfCiSkZci3vgDqfyKGpNAuFV5rmH/cUaIP16ifQGfifZIsfttl1RdquduCKJgIMOGw4IXOcYWtpNFjUqtZ6GS74BVspRssA+Sn4jEBjZcYCjqOCzH8Rqz6eEa9h2qsB8nSPuQp+BIxtqzTC8O6Ks7V4p7cJUfT+oafYuDT90bgXTTb5BPxGHD6T2EWc1zT6hV2FFU+fDIcpb/KZx8InqpTYqtyXE/ymGCRAkgGAepVno72w2O8bxxUjyHkW1tsmyakKr9fBhgciYgn0WmY1B5ZhQxoAEDkj1uxQ2xORnyb5WNLUpTkwsujkuBI7dd0pJSiKEAupJKEOpLiSsgNUUOhTuC40ISyHu5T+5UoTwpRdkL6ar8VlTXcFakJAqUHGbXRR0uztOZLQT1Cs8Dl7KX0NA/fEouV1WlQc9RkkqbdDlwlcSJUEHZXCU1JwUIJxQtfZTVCAJmIVMzEucSS4i5gC1uCCUqG4sbkB50I08r/kqoNJMq67RH+Rr3c0zy8PGfS/oqLD1XPIawX+yxZn8VI6eni1AnqOc1qzeR1e+zAk/gpvI9S0fYlanE4GsGyIPTiszkMDE1XgQ4t09fqv9glU4vlDo1KLo2Ib0VZ2ibfDH+7XH/o+EfgMC97Q5zom4G9jtPnv6oXtFh39w5pHiY5jhHRwPyJRuMqtoCO3elYYHArO/wASW/8AZf8A60v/AHC0+DyWwLw6eME2Wc7c4R/9krMJnu3sPm1r2u+ytwlFWwsUoSmkn5LHK6jyxulpIgSjqWJDhyixQPZrO2MosDqc/wCJrr3M3abfPBT46uKhqGnPj6RBLQDt5Kko0tr5+hJ2pNSVL6i7IYthw/dmxMno4Tt0OytMrwekb7/sBV+S5O2kARMDaVo8MzitOKDpbvBh1OaLlLZ0wumICfK4ClK0mARSBXCU2VCDwUkyV2VCDgV2UyUiVRB6SbKShCEJSog5JzlAqJgU4OQxqJd8NlCbQiUg9RSlPJQlE0pBygDuaQPVSyUTly5qQ+tdL1LJRMHLheh3VxzVLmubGCGW68fTkhnNRVsOGKU3SCc9zJopvY1wLouBwE3nla3qhsuGoPJ4C3nKzWWEvc/lYfeR9ld4elpG59ysjzW7aOjHCoLamWGan+XpOxb8QZWcyfHMp6y7eG6QPxbiJ4RufNWONJ0m5PhIuqXs/mWGp0WursNSodQ0xIbpcWcSBctJ9QgVyyWuB0IPY0k39kaChnLj+GnHKD95lZvOnijihWDYY9sOvIDuF+INleU+0eAfZ9Es66APlhlT4jJ8FjGFlOvGobagT/S7xJ0scpKlJMFS9qVzxyS/miqodpntADapAAAA004jaPpUuOzptSnUL3STTIJAAsAeA43VfX/hxWYfA9tQcpLHext8phyJ9H66TmjiTJ/8tkPtZemyvf03cO/5A2Az54a3Q+oDAnxO38lZjFPrNIdJ1bzckW3XcPgQQT/xH7+ysMFhtO4326D9wrjhrtgZdSpfKqA8vyJgtLgP7s2hX2HwYbYCE+kyNPUf8oho4/sJ0ccY9IyZM05/MyWmLRyRtLZDM6KamEwzsKBXJTAUqjwBJsOqsGhxKAxebMYYHiI3jYdCVW5vngALaZ/1fp+qoaGLE3KRPLXCNeLTWrkamlnQO7Y8ijWY+m4bx91maZDhumgkIFlkg3gg+uC+fmwBgNJ87KWlmQO9vlUQrcxKe2qFXuyL/h4UaMVx/eSVCKvVJF74v+FLNr13vOCg1WmEwP8AZaLEpBXeDb1THuQpqx1E8PJRnECLgj981LCUQx1eF04hVhrERef0WVzrtR3b6lFuptaRBdOkMImWDievXohckjTp9JLPPbDs3oqcZTe+4/ZeaYPNqrDqDyZ31EkHzlanLs5ZVA4O/EJ89uYRGnVemZMCvtGg74cSuVMTyklAtfx5qQJM8ldGKONXycxDy7cqizhxYwu3AHr6K/c2yyvbWoW0iBu6zY3LuDY68Flnb5Ztw0mkhvZeprpFwnxOcem8b+iuXBwFk3J8F3FCnTO7WgHh4ov8yi3v8kLQTncrKPE44t3BA6rz1+cd3VqtcJZrcRG7ZMkdRJK3HaOvDHHkCV5TWy8vc5xO5JNzxJKvH2PhOUPiiarDZnSqfS8eRsfYovWsRRyp4+lx8t1ZUGV6Qnh5x8JjZshqW/mRtcHn+IpfRWeByJ1N/pdIV7gv4gVm2qMY8cxLD+Y+FgsI+q6xZHUkAfCtaeWvd9JaTymFcctdMmXFpsi+OK/f3N/h+1uCq2qMNM8y239TL/CtMNSw9UfyazXdAWk+2/uvJq2Dqsu5jgOcSPcWQ7avIp3vPyjHL0nDNXik1+q/f5ns9TAvHI8bc0oI3EecheW4LtNiaX01nxycdQ9nSr7B/wAQ6otVpMeP8JLT8yEayxZjyelaiPytP9DciyeaizmE7aYR/wBWqkeoMe7J+QrSnmFKoJpVmP8AItJ9ht7I00+mYcmDLj+eLQsxzptK0gu5cB5/ospj8+c6Zd+nsgM1w1emCX+K5lzSTPUjcLK4jFHcFY8k5XTOhpsGNq07LjF5oSd03AYzUSJWZr48DcgfCAOfNYZaZPT9Uva2a3tSo9TwuOiFZ08VO68zyztK18TYjgf3dbLBYmWB/MT6k/ohcnHsRPGu0aAvHBObtKCoPEXU9KoCUe4SidtQJJS1JBQe4IzvEupUpaYcXAAkTzJsfJYalmVag8Pa4mCSWknS7nIWz7SUnOw7nSCGlrja4vH5rFViCLrpdI6Po8ISwO1dumbbJsxZiaXesEXhwO7XDcH3meRRLmLz7Ks4GFp1navrc3SwbkwZceQA03VRmuc18SNLqh08hYHz4lJeRIS/R8ks0lDiCfb/ALfWj1GoWjcgeqyvbPJW4gCpTe3vWWA1AFzd9M8948ys/SzGt3baYdAaNMj6iBYXUAqFrgDxuTO54yOsC4uCo3a5Q/T+mZsE/cc6r87/ABA8LmJb4X7ixBsQeoV5ldTVUZB3Pxx+FRZsQ503II3IvYkfVxhP7KOd/a6TdxLj6BjjdL3tcHWzSUsMpfZ/0PW6A2RCgpOhP1Jc2ePidfWi2/TiqtmELqneVL6T/LbvH+J3XkrIQPVQuPJB2NTrocbobFuIFkWzgo8WxR8lrswPavFyNI4xPlyWPdWhzh5H3C0Hayke9eCYb4dt9p9Lys6ctbuHOv1VRX1NqdLgIw+IAhG4vFAht+KrqOVMJ+p3urBuT0tjqJt+J3pxUdBKT+gfTxkBF4GuZmYCqq2XEDwOM8jcfquUatRo8dNwixMSPO3DqhocpJo3mDzamR4naTsDBj/VG3nCnrYGk/62MJ52n+oXWHwLn1nRSaXHjGw8zsFrqeTmxJmwB9AAtGKTapnN1cI4WnCVMr85yTD06bqmp7Y/C0h0k9HX+UFiOy9QXp1qVQf5tJPvb5Uvahvdua3hpn1JI/JUmCxb6b2w/SzUC4cC2biOW6Y0jraXFqJ6dTjO2+aav/ZJVwlVn1McOsSP6hZD94eC9lwuXtgEbcxxC5W7O4epPeUmHrEO/qF/lX7Rz4esr/vD+X+P9nmuA/tUNc579JEgSHS3gYdMA+S5jcqpVTLpa4/6fsrTMS6jWfTqAtg+GdiwWaWniIhCOxFjHEEcD90mUW/JU573vpfkZvFdmKTjxPmSVW4rsw1v0rV4eqC0FTOoTNvL80tTa6CaXk85rYCqz6QD7A/NlsexmJqPomjUDmuY/wDECJYbiOcXSxeE3ELuQVC17mng3w+UgQrlJSjTAcGuYms7+/TgpqVa6EFOQERQalCrQcKhSSbskrKsoxmNQ+FznGRe5gjkUFi3ACyqnYlzDpcTHAndvQ8x1UeLx0t6royypqj1scKjygDHmUNRJBXKuIkomlQdvB5+ixeR+9E9FxHFC5xWpaW98XaNQktJnY7wRZGaYF7Qs/m+IZU8FiAbGTvzELQnxyY9XL/jaVX9w4YbDhmujqaCNiXFrr/gJG/qr3sDQP8AaHPNw1h93EAfAcsZhagpjTTJ578eJ5L0H+HzJbUqcCWt/pBJ/wDb4S5HOyvZpWuv9m8a9TNcgWOUzXJMmcNInJUlKkoWIpqtIpyEGwVBir3hEqDEFFRafJ5x2nbL6k2sIHkFle+0kgbCPn9laftm53fw0bsBJO27h6rJsyu0mofhCq8nQT4VE9LFQU+jjv5hvxCDOW/43fCmw+WNJmSYtv8AorpBJyvo0eDraitDRx7acGBYbkA39bKlyzDNpN8O53JMn3XMTmDgCAT+SZ7FK7OgtG5Lkssx7XW00hpM+J1jH+UKnxHaesBArO9726/os695bMf7eyr24okkOAB4R+ive6Hx02mwpR2rny1fJeY3Oq1b/wC1+siA0kCQJJiwvuVLklak6u04lwbSZ43g3L42Y1o+okxPSVSUasu0kRbV6fv7IrFYV3AFA5NMJZMU08WN1314N5gv4j1XYsamtZhZIiCagbpMOJB+qYsBEW6r0DK89o4gE0Xh0bi4cPNpuvBMBhKr3BrWEnkYH3IWkweUYthD2RTeLg94JFwb6ZkW24p+Ob8nK1fpukUeJ7Zfj/XyevY2hTqt01WteOo26g7g+SzeM7GUXSaVR9PoYe38j8osZhPFEMxCa4p9nnozyY/lZgMb2fxGHklutgk62XAHUbj1CMwsFvl+/utk6t++Hqsni8H3NSG/Q76enMekrNkxbeUbcWoeTiXYI/D3MoZmBHegj9hHgFS4RviuktD3OkGmw2Sprjn3TZuhkIiHAhJDh6SCy6PJRmVZ1Qse4WOzgAY46SBeyM/tDNnX9YT69EOdq0gO4GLhI5VLNbmkg7QQ0T1Bm3ktM3fJ6RLJDE1Jvn78r7fiA4J4c+CR4RIHE+nEK3xdXSxskg6ri/LoJPDiFW5RhwyqSYBAi4JvqbAgXRuaHxMBLZ3gmZnY9OPsqjxyK0/uKVT8uyszfx+IE24SSD6cCqUq3x1S/X3QVKnNtkdjs+NOXBDSokr1bsRhjTwrAdyXE+rjHxC8+o6W2G/zK9VyejpY1v8AdAHsIQNnP9QgoYkvLf8AQs2thJkyk5yfRQJWzjt0gtjFIHKIvSpulEwEiYuQ2LdZEFV+KqKeC0uTH9p2aqg8vzWUxctcZ5/7rUZ3X/mHoI/P81jc0qlz7AnaYBQpWzpRajBWO726KyrAVa2s0wDB21AE7G02O4tKJ7JZA7F1fGCKTIL+BMzDWn09vRekjJKIYGMYGgbAfPmeqN45VaEZdXs+XsxeDyrGaZdQcB5tn+mZ+FWZtSc27muYf8bS2Y8xdeiYOk6gdJvTO3T9EfW0uEGCDwNwR5JkHvjXTNOP1uafxwTX24/yeJ4iqCq+vSDnBwmRv1A5rddq+xrtQqYRhcHGHUx+E82z+E8uHltmaWWFjiKgLXAwRydExYIGpJnU/iMWph8PPmvKAmt0mRvFp3E9Vossra6Y7wgW6gaudud1WYykGiYPnby39CuYCuQBqPhB3iYHSOKGm+xK09y3r9C+q06TWTsYHIOiDphzxE3mBHSUXkWal8McXzwJ4nhcLOY+tqfpIkQNQm5uSLbWJJjrYxClwlQNewTDQR6Cb73CbF0xj00cmF7+fp9j0bCTb1+ytKY/f/KqcK6QIcDtcRcHjvf0VnRBBve+4HutKPJzXIQ6nx3Crs6o/wAsE8HD53V5TbPDgqztWwjDyODmk/5bj7kKpr4WDifxopH8IUYfChoV5Cjq1Fhs3yQUyvdTNI4KoY+6OoVEtlJB4ckog9dQEMY+kBPIKV7naYiAAIMSAJi9+hSzHE6Ntz0n45/oqSpiS6wG8/8AjtPW62yilweqyJzCn1gx4dqmwkjhcG0i/AnohMZXaSXSHk/baZ8ot0UTydPo31/dlXOeQf36qgZbYfEyepTceA91x+G0tLidv+FJSqyBdS1AXgCP91EheXLjirsZkmGNTEUwNtbSfIXPwF7DhWaW9Vkex+WaRrc2OXNa6YQT4ZwdVm9yRMHBPL0MHqdreaBGR9nWvKKoC0oVOqVYCoslq1VW4qrZdq11X42oLDmQPc3+Psr7LS5KZuWPruc82aSSOZHDy2UtbLmADSL/AB0Vx38W2AEAXuP3CawtM8OH+11oUUgJZJSds72VpinrbzIPxH5K/fVhUmHdpfqA4QfJWjauocE1dCZu3ZK6uCIKGqPA/f3UNZp4IV9UjcIHHyXFFjgcRczusB28o93inOAs5of0Ju2R7D26onPe1DsNWa0MBbpDiZINyQY4cFZZ1g24+g19MxUDSWzs5rhOk8vPgVGrRt0OaOHPul0+Gef4jEucCDP977hMa78iT87+67iGFrnNe0tcLFpsR+5Q1d/hjiYHkOMpR6dyilwF0THiJi29tuHwB7plXFAm3qeHoqwNaCbIimRyVioZNyo1PZTNyyoKbidDrDo47Eea9LwlYHb/AGtsvJcioF9RrWgkyCY4Rf0XqmDGhoDjJAT4Pg4Xq0ILImu2uS5bVhRV36gWuuCII6FBOxPVN75Ms49GWrUTTe5h4H3HA+yaXIvPD/MB5tH5qqfUhYJqmzoxluimEAhTMcgW1VNTqJTCosBVSQ2tJAXRbZ92Yp1GAsOhzRY7g9HD97rzTGUDSe5jrObIMXFwLj2SSXSypdmr0nVZZycJO1VnaWGc8aWjjG49Pugc7wDqT+7P1CNuRE/muJJdcHQeRyyvG+q/wX/Zbs0XsD3mxMgdFq8NkdNt42XEk1JUcDU5p+41fktaLQBYRyCRdK6kscuWD4CKbYElddVXElUvoVFEfe3XKtVcSQloErVVWVqk1A29hq9Tb9fdJJHDst/KxzcTck8z7jZNONFuB34pJLQKonw2LmPeOauMLS43HQLiSOIufB3MMQKbC4naBeYkmBcAn4WGxHbJzqpNITSbDSHCC4mbg7iYt5JJKPpldJBtQUcToq90HkbSSLcWuBEG/miMvzBjSAG6WgwI208oSSQydI1RScSftBlLK7HOe0EttqFnR58R0K85xmDFN8AyOu6SSRlbUlQuOry4o/CwrJ8pp1n6XOIJ2gdOK1lDsjhrag4/6iJ9kkk7F8S5I9VlfxbuS9weHo0GnQ0NAF4F7c+JRjK8iQupJqfNCJSbds7VqXulqSSRAlJnz/E3/L+aqKhSSWTL8zNmN/CiIPhTU6iSSQx8WTiqkkkgLP/Z','Cordoba','Cordoba');
insert into servicio_estetico (tipo, detalle_Acortado, detalle, precio, imagen, provincia, ciudad) values ('Peluqueria','Servicio de peluqueria en Cordoba','Servicio de peluqueria en Cordoba, las más novedosas técnicas que existen en el mercado asesorándote para encontrar.',15.00,'https://encrypted-tbn0.gstatic.com/images?q=tbn%3AANd9GcRl4Kc8MtpLcG35zFCgcMD0vWGajePPdUHbKxfzVFoSqsbS26Bg&usqp=CAU','Cordoba','Cordoba');
insert into servicio_estetico (tipo, detalle_Acortado, detalle, precio, imagen, provincia, ciudad) values ('Tinte','Servicio de Tinte en Cordoba','Servicio de Tinte en Cordoba, las más novedosas técnicas que existen en el mercado asesorándote para encontrar.',15.00,'https://encrypted-tbn0.gstatic.com/images?q=tbn%3AANd9GcR2KE15qtPBsBi3oipLFPTSjX1ows3z9Qo1coQlunHTn8V48tTG&usqp=CAU','Cordoba','Cordoba');
insert into servicio_estetico (tipo, detalle_Acortado, detalle, precio, imagen, provincia, ciudad) values ('Pedicura y Manicura','Servicio de manicura o pedicura en Jaen','Manicura o pedicura en Jaen, las más novedosas técnicas que existen en el mercado asesorándote para encontrar.',10.00,'data:image/jpeg;base64,/9j/4AAQSkZJRgABAQAAAQABAAD/2wCEAAkGBxMTEhUTEhIVFhUVFxUXGBgYFxUYGBcXGBUXFxcYGBgdHSggGBolHRUVITEhJSkrLi4uFx8zODMtNygtLisBCgoKDg0OGxAQGy0lICUtLy0uKy8tLS0tLS0vLS0tMC0tLS0tLS0tLS0tLS0tLS0tLS0vLS0tLS0tLS0tLS0tLf/AABEIAKgBLAMBIgACEQEDEQH/xAAcAAACAgMBAQAAAAAAAAAAAAAEBQMGAAIHAQj/xAA9EAABAwEGAwUGBQMEAgMAAAABAAIDEQQFEiExQVFhcQYTIoGRMkKhscHRFFJicvAHI+EVM4LxkrIWQ6L/xAAaAQADAQEBAQAAAAAAAAAAAAACAwQBBQAG/8QALxEAAgICAgEDAgUEAgMAAAAAAQIAEQMhEjFBBCJRE5EyYXGBsRQj4fCh0QUGQv/aAAwDAQACEQMRAD8A6K0VWxYtGuUzCuaNztEwG12UkeE0KWQ210bw2UUBNA4acq8FZC1Lb1sIe0ilV4p5ENMgOjDWOAU7HVSC5rQRWJ5zb7J4t28xp6J0xyJTAdKNQ1pXpbVQtepapkmIqJrzZgeHjQ5O+h+i3Y/gi7dFjaWncH1Se7pqtodRkpzpqli+5L+IzapUPG9TAohFkTdTNUQUjUYizJWheFah6x79OaYBehAozxxSy8W5JhKaAoZrc6pv9OWG47Hrcq10dmIpJ/xM7A/Af7bTm3Fu8jemgrvU8Fc3tEjHMOhaR6jJRTMAaS0AcQBTzovLJJVU4sYVOM8/v98RXTZ8Qq72fmeAT98MbY3EtADQTz04pXd7uGgyAU9/2jDE1n5iPRuZ+NEGLAqLRFmPyKzZQsx4FGuAyd8x/wBomAoO0OwwsrriHxDiUXYgSMgo8iVkIEB/ww5ilao2MI2UjUQBHciaSArHBeBe1WxchmdQVVTvB3fyiPbV3RPL4tYa05oO4rCQC93tPzPTYJGXZ4iW4KRS5jKyQBoAAoApnNopWtWkpTFWhE8iTInH1Q09oDGuc40AFT5LeV2aR3i8zTNiHsto5/M+636+iB2qU4cXI768xhdIJrI72nmtOA2HkE3BQ0cdAApSiQUIrKeTXJCVGSvA5QyEk5dF4mCFgcllIzafIqazS1HAjIjgiWN8KEcMLuuX2SgK3G8uWjDAscyoUYfRSsKaNxZFSvXtZywh7dWmo+3mjrJag9ocN/gefRF26LECFU/xBs8vi/23kB36Scg7pxSW9plmMfUX8xLa1+XL4lSxSVSnvqZomzPRK9mKfFQjRLLdZKEvaNdfumUTlI8ZI2W5MrlDEcL6ophQ9ss2A4h7J+H+FvFIlDupU1EWIY1eOfRZZ/F0CKELTt65qlMLMLkzMAYnttpoMipY5/C08kxfYIjqwfFAWyygZMyHAbJ2PAyvZjkyI1LChIMNToR/2hmzt0BqoxGe7A4D55oMx7jzVgENMYN7jfHQdPiEHZ3UJHA/DUfAhQi0EDPTT7IBlsJL+IpTrhyXoePASDDrrGVevqVpbIDLM3MYYxnxJ1P09FnfCOMbkZAcXLaw1A5nMnmtq4w2CXH6CMnWUOw6GhrmN1I4luqjhcprRITRrRXcrCoEhN3RhFnfxXrjmVFE7Drqtoxupc7DqII3clao5pMIqt3GiT3hOXnA09TwU7GhNxpyMCH9+bP2WZ9Tsn8UdAgrvsjYxQDqdyeJR+JJRfJjsrXodSRQyL18qR9p7+ZZITIc3aNbxP2TiRFIpJmnaC+GQAA5yPNI2DVx+jRudlJcNiLW4n5vd4nHmfoq32OueWV5tlrOKaTQbRs2Y0bBdAhjokqvJr8SzK4xJwHfn/qauYo3lESBDyJzaki7g7pCAeOgU8LMlDHHidXYaI5rECi4eRgNQaN2SEtwqFne1Klc2oQdiowDibglltGIcxkRzRMclN0okPdyYtjk7px8kaHIFYiObGPEZMzQF63W2QEU2RcL0S3NOKhhRk4dsbWJRm2swOEU3s5BjzpyaTx4FPrPLWiLvi6GTMLXNBBXP5bdNdsgbNikspNA/V8XI/mb8RzU4Uqal31FyrY78zpFnkROJJLBbWvaHscHNcAQQaghHtnT1fUifFuEyAEZqu2l5iJBrTY8k+Ei1ngDxQjJCy31PY24aPUX3ZeDcOEmhrlzqmFltBDqn2TkVV7fY+5kaXVMeIZjUZq0xtbIwOjcC3any5HkrfTOWFHxCyqo34MPLOCW26zuBq30XkEskRoQXN4bjp9kZDPj1aRTiKfFVxIDYzfYiiz2moIORbqOS1tDgPEPPmOKPtlmadddiMnDoUmtZMf+4Kt0xDn+Zv1HotZgilm6lmIq5sfaa2ucEGnBJIbV437ePDnl7LRU9MteYRDY83AF2GtBXYHUdfVDW2KgJqOJO4JIzGtNz5L5vN/7BjGTjjWx/vUuUqmhGUNoD3Yttum58/kmkJoNaDj9lVrqtzW0Yc37AVzGxVhs7S8gu20HDmea+gwZVy4w69GBnQftGtnfwy57oyPkljrXFHk5wr+UZu9NvNSNtzn+wMLfifsmGc58bHdajKcjKuq2YoLNzoVlrlwAqPOpB5SbjvjBb4t+AUHtHIKO7oKDPU5k80tsIMshkOg9n7pyZAMh8FEDyNnqVsn014DvzCmUUMx/nJQibiKdVpLPxKLkKilxm5ks9ASTkN+So1Db7ZV2cUJFBsXaj01TW/baXUiZ7T8hyG5PJNuztysgYA0Z6k7k7kpZttSpQMY5n9o4scIAFAjWobvQFqZ/RPUhRIGBY3JZXpY6cyOwt0Gp+gQ18W41EMZ8bsyfyt0r1Og8+COu2y4GgAIC3I1HqgxpyPfiHQRUCmqoXOIUfeplgSbiW3FbgQfijoMwhbSzKoUlimBCQujKn9y3PLbY6hJ2yGI4Xnw+6eHIqzVqgbwsgeCCKrXTyJuLL/8ALSKzyJhE9UW1W+SxOq8F8G5FS6Mcae83lqOatFgtzZGNexwc1wBBBqCDoQVitCzYqjnEll73YyZjmPaCCKKYTrbvKojRFRCBkNicsssr7stBgcSbO/Nv6eNPqFeILWHBpBqDnXkjb3ueK0MwyNB4HcHiDsVTJ7PNYHbvhrru2vy+SUwIlyOry7QzIuKZVewXs17atd9wjoLQ5zg1uq8uTxByem8x3LZRMCwgUOvJDtucQD+w4t451xfurqmN3MDWUBqfePNBXpaCMgCupixgDke5GjMX4A6hl3Svc0mQNGdBT3udNlO88AhrLbGFg8QbQAUOXx3RBpStQRyzVAiHFMdVB5hXWiT3pZiWEBzqChpkRka0zGnTNPcGVShJmBZmxjLjbGfIqPw5OJlSxZc6kHjWvRRTPoDUZaVTe8bDiILKMA9o9MxkNeFOaAZdD30JdtSuZPI8NN18Q/8A4L1S5OAWx8+P+Z0QwIuJLBA5z8bXBu1aVdnnQVy39ojjkrVZoCRQvd0GXyUFn7NMaSWFzSddwTxofojm2d0ftZjjTLz4L6/0Ppj6fCEPc18qlQFO4bZrGylC2vUAon8IGirdOHBDRSdEXHJVVTn5C99zIZRo0JD2rme0tbs/IH5j4qxRx00Qd+2HvWxMqA4ytwk+eKnHw4suQU3qU5YzXczC6rlBPUHu+y+FrW5ZZ8k3hhazav1WWqkeFjdKfXdBzWrhmVMqjH3AZmy78GRX7OAAd65AJJa7QWtxvypoPqU07ipxvzPwHRI71Z3sgjGm/RT5DZLSvCNBB+5mdmLCXuMz/adpybt66q5xRgIOxQCNvT58Ai4Wv1oOiZiShEeoyczroTSflqk17XkyzxukefC0VoNS4mga0bkkgAc0xmnzJOVFTInfjbZXWGzu8I2dLT2ugGnVA7RmDFffUddn7K/D3so/uy+Jw1w8GA8Gig8qqyQlQRszDR59OCNoAE7EmojPk5GDTPSySc1y2RZd4qcz6LGQiiWfcYaUvciLKhKDaO6kz9l2vI7FOLMSWnLQZ9UqvGAPbUaJT/hBEow0SVbqNWTaIgEFJrBGWxR1OdN+pp8EdFIdBqUSv8xT4/iZbbE14IIrVUWSF92Slzauskhq5uvdOPvt/Sdx5ror7K4Cta02QdqszJWFrhUHIg/VEyTcWUVR2P4i+O1B4DgatIqCN+CPhNNdd1QA99gm7l1TA41ZuW55gfZWyxW5r21aa14JPKjKXxa1LAx60tMDZGlrgCDkaoSy1fkDpqjfwjhm04uR+6eoLC6kTAIe9zm99XC6zyVjJDToeH6TxW11XzJE+sjajSoV7layQFjh1B1CrVquvA4t1G3RKK7sS3HmJXiY/sVvDgHsdruN+qltltOHxNB6GiqDLI+M4ojTiPdPUfVMbJeQcQ2b+3xJqWnodvOiaudhqB9JL5S1wQN7toIBNK+pr9VBZYGmYUaAG1PoMlXO1Pax8Lo2WbA40q8kYmge60UIz314cUVDbbQWNeWtDyATTEKVFaaroJmVtCJTDk42dcpbniqgma1oJcQAFXIZbWRV0zhvSjcvgsugSSseZXOccRpU1oKDIbD/ACnBoA9KVFlhQ+IZOcTS4aO06DT5KKzXsxhwSMLRpi1FeYGYHqjLLEHMp+Un0qf8oO0XcXEjmCtu49TjNo8dsiBoQQRsQll/Xm1n9oBziaFxaK4Rw11K2md3EROLDUhozp4iaBL7PBQZ1LeOrm/cLCfEVhxry5sbA6k1lt4P/wBbz1AA+akvF9odGTFRhGZAALiN8zp6Imzx0p8DsUwiogdbFXMyZFVrC/fcqbJ7Xh/3XfAfIJNLHaO9bIXuL2GrSSTQg1V7EIqthZm8Fy2Rjokxq+qVSfaPtIZbcZo21YWupn+k70O4WWWCmqIDVlERs7MlDADiuhAbzmDWlLLgZicXnUk/BT30MktuW14HFhyzqK8Dr6JDt7hLMSH6ZruW2CMvdmPC3JvM8UwleGjDvv8AZb2ijGgtGgAHIcUqnlrkNSrtIJzB/dN+JXe0U73h4jyByJ49Ej7Hu7lzmO44uoORVxtLAG7JNa7lx+Jpo4Zgjiocim7E62DIvEqdDqXi73skjBbnTXiHbgpXeNuDeRJoBz/wkPZua0QzeNlWEEEg5Gg8Jpsa/MpNeFumdb3d60NDfYaDUYTniruTv0psnf1F476PUnT0NZiLsVf+JcbKzKqnoobA6oRVFijUS590XXI1wa4PABOYFakD9XNC90TiZmATX/if4VJdIc2QGVwaHe4M6c3O4o6WUSeJoyOnTZAu8YjQ5Vz/ADFN4vqKDQaJfZr9Eb2tlNCDQO2PXgU1tkYAzVG7TsxDC0VJyA3JJoAlGwblWMBhXidXhtIc3+ZrR1lxEvbqBmOP+VWrnhNlhjic4uwtAcSa0dvT9NcugVltF4Ns8INQXO9nmSNegViurA8vE57Y2Ujh2epTO30IMTT7we2nnkfhVJ7viewVZlxGxTK+bQZJG1HhGfUlMLNZQRooz7iZ0Q3BAJpc98gOwv8ACTx0ryKttntIVQtNgG4qssdufD4X1czY7t+4TseQoKMRlxrl2O5cZLM17gQc+O/+Qkd/R4XNBGY+2ya3JMHeOtQdPqUuvaXvpK+6Mm9Bv5puQArfkybFyXJxPQEAjirsvTYxwRDG0UgKXUaWPiJZ7tZX2R6K0vYMhTmlE+eiKZbAAMQdkAMm1rRP9M6oTc1izASa2Po00H8+y1uJ7Sx7A4FzHeLiC4AivDf0Vb7RX3MfBDGWA6vNMVOQ0b1z8lB2UD4H48yHZPH5hWteoOfrxTW9YnMARp9O30jct0jSw4m7Vy456FEWm8Io4zK80a0ZjfpTc1oFjp2Uxlww61OQA58Fyvtv20/ETMs0LSIWEuLiKGRwyGWzRU03Jz2TsmUItiTKhykAj9THV/30bU4Ubhjb7Ld66Ync6eiLua93xgB4xAaH3gOH6lX7uzVksNlquUM2Tnyvc6LKipwrUsVnvOB2jw2uxBHzyRJfl4SCllmsTAa0CbsYKaKoeocjdTn5AinVzyMKYBaaLC9YJOdzV61qg5bVnRTxOQFhGBTUHtsVQq1brvO1QRoRsrgY6oeSIDVKZOUoxZuEg7N3pKInRzNxYRRjuI/KRtTii4Gb8UPG8VyRkTlqsaAJ6i8lWWAq5We0F6d3KGEpvds+JqRf1Jusug/EMHjhFXU3j39NelUP2MvMPiYa1yCFtG5QgD4tdiXRjUBfF3CQB9PGzMHluEfG9SluSZxBElVyjWIvsDxQJh3reKUAFkjm7ajoU1hs8bgCWjNEgJFCFnCg8vmVp1jc/wD3jhB0jafEf3Hb+aKwwMAFBsKJHHZ5MTHPcGg0cG5l7jwPDimro5RnQU6qbCOyBDf3ULg94tyKrty3fjtJe72Ys/8Akch6Zn0Te8rXRq3uNlIgd3kuPyHwAREDlHDkmP8AWFS2XEV4Lra0DUgVIBJoK60G2iLYVHbbQGsJOgCMKvcRzfoSkX/acVoZEz2iR81bbHDQAKk9iIDaLXaLU7NrHYGfuIz9Gkf+S6DG2iAizcbkahxkUkQKAls4JTkjJIDaw6UsB0KI9RSEk6h9gsYbXCSK60Ovki2Q0WsGiJatWY7G4ovJ2EhQttYovO1cmGMO4OH2Vcu+8Mbw3mhZqMciBluW+zCuaYNjyQ1iZkjkSydzvUU3hdwctbJYqBOKVXmELeAu4X1jx4yv3xZvCVxe85A23Nbxr6/wLul8ijCeS+ebyDpbQ+VuQD8nHSjTlT0XqF7jVc8dfM6lccNQrVAKKr9k7SJI2uG4CtsbUkR2Q2YbAEwj0S+FyNienLIcoMlKX2y04Qa7I95yVK7YXlgc1lc3BEWoTMKczUnslqxPPVPIXKiXVbaSjPUj45K6tckAyzIkPbKgL+mwRFyIjcg+0lnL7JKB7QaXDq3OnmAR5pviTAAMIuuK346jdWSBcn7N3rSVueuS6hY5ahAujHZ08iHyMBBBFQRQjYg6hctu6wGxWqSz+4HY4tf9t2YHOmY8l1JjlXu113B7WzNHiirX9h19DQ+qPILWL9K3HJR6MaWCUFoR1MlXbltGQTk2nLILMb6mZ8RD0IJfDKAPHunPof8ANFllvYtbQBpHMVRRAka5p0II9VXLBd1pLPE1rDU5F1TTjkl5HbGbXzHYgjpxyeI+uVhkcHubQYatJIq6p1pt/lMrf4AXOpTbPU7KuwzPe4keKmrtGN6Hj8eiCtts2Lq+a1PUhEoj94pfTF37/aQXi7vHiNurnfNWJkNAANAAB5BVzs6Mc7nfkb8SafKqsgnCDE3IcvmV+q0Qg8SaJqrHb224ISAcyFZWyhUbttG6eRkTNXnCPPKvlqmsdRPp1t7PiN+wli7qxQimbwZHcy84vkQPJWRiEhiLAGgZNAA6AUCJjdyXgYpt7ml5ThkbncAT8Fz3sDbDPNK8muEA+biafIqydv7Z3djlP6SFV/6LxVs80hGbpcPkxjT83lawsQkIVf1nR4ypWOUTQt2heEBpTf6mW/u2Mb+bF8KfdUzsnaDJbYWDcknoGk/RMv6xSudLZ42HOkhNMzmWAUHkUb/SvssY3OtMntFuBu9KkFxr5AeqEi40PxWp0uCOgUhC8pRbNKYBJCZG6q1xKYhRvatmgyv9sLV3dlkdyoOpNB81yCy3YZTSmdR4fdHmus9sYccGEuwjE0uPIZ/RUh72sGCMYW//ALefnn6qbK9GXYktYf2Ts/cymLEXVGLkDkCB8Fe2BVK57C5hY6Q4XE+FmVaEZ150VwgZVeQ3Mf5kzGomMKNjaIiNoThJHabgLlP9XI3wyxTZmNwLMtn1Lh6iv/iV1iqWdoLoZaYXRP0cMiNWkZhw5goiLEHE/FrnCrDfviGZqM9CuyXbamyRseDUOAIPULnN42EQF1nbHhIPicRUuroW8aq0dii5kfdOFMObRWpwk5V86qcsLqXkEizLixThlRQ6HI9FFA1TtBT1EjefOVpsM1ltBxu/2pHNAGrmtcRU8iPmu13BbMTGnkEg/qJ2YBk/FVoxwAl5OGTSOoy6gcVJ2UtAMbcJyGQ8sktzuV4gHQy9skXr5Gnhml2MuwtBoXGnQUJPyR7rrYW0BIds6tfUbpycmGpKyqp9xlfis/cyFo9nVvTh1GisV0gYAeOZSnNxdG8Ue3X6OHEFS3Re4jBidGC5pI1pv0WYyuNt9Sj1CvkTQs6+3zGdshIcHN3ycPkfp5hex2qMAVYXHc0Bz4Zrx95F9WMjFXDY1I5nJSNszGij5KO4A0Xnbk3skJ0oD9xLao3P8EY00aMmtHPb+bpZLYo4sRkPeyOFD+VgPDevP4Kxzz5YIm0B2Gp/nFK7XYGt8U3iO0Y0/wCR3+XVSOv7/wASrG/g6Hx5MA7Nw4Gyya4iKO3OGuXlVWOyXa3CHPbVzszXbkkNjvQmYNDcQFKtaPCwDPM7DKisbr7YdYsuIcE/0zY+NEzM/wBW/aO+9wS9oWw4cOQcDUcN6hIez1n720PmOjPC39x19B/7IjtReveuayNvidRoqdyaJjYoGwsbE3N3/s46k/E9AtNPkPHoR4DJgHL8TfxDO8CkrkvBdzaZkk7mvyQxNCW19n7VTCjDuRji34ZSv6rz0sxZ+bXomv8ATq6zFYYqjCX1kI4YvZ88OFKO0Fi/G2plnzwVxSU2YNfXIeavbpAygA6BKBuUZVKhVHdT0spusWrbQN8jwOS2neA0lGKiKPRnL+0zX2i8xBHkQ1oLt2tJJdTyI86Lpd3WdsbGsaKBoACqXZmyh1qtNq1LniNvRjQDTz+St0ZJOEan4Dc/RCgvcfmWtTeWQr2N5qjIIQNP8qVzVQMR+ZGcg6qDjLVbPOSFmdhcBXI1y4KZzskPU0r0ZWu1cTnMwsAJLhSuQyzqeQVbiayA1FJJd3nRvJo2+asvaaSgABIqdtTyCRMukNo+0ZD3Yhqf3fb14KHJ+I1OilcBf2kdzl8kzZCCWAkFx0rpRvHyV5s2ipQvQumYwCjQfZaK0bTU00A46K6WRwoixdwc98ZK5/FZFG52ihtThVo/MfgASmMAVSY7O5I54rcjML+vmsbJ/OCOS+84iBjbq3UcW7+Y19eKa2MAWIpG5GjK32zsoEf4hrAXxgg/tOp8tfVU/spLIbQJT7DgW4jliORGEbgU6Lo0oEjC05tcCOoIXL22qQzBoFTE/MDINDXUJPDQ/RRZRRsS/D1RnVrO7JTiUcUsscmJtQcqVTWwQAsDjmTmnYwW6k+UBbJmWmzsljdHIA5rgWkHQgrmv4X8BP3BLi11XMcfeFc89KjcfddOtcGEY2ajVvEcuaV3pd8VshwvAIycx27XD2XArcuK/wBZvpsvA8vHmI4rZm1wObSD8CCPQq3R3rBhDqucT7o189h6rklltM8cndPjLyK1wZ4QD733T67b7YSWjESNRhdUdclJi9ScZInR9R6RMoBB6lztVoa8hwjDSARWtSQdjkkTOzk01ofI2Ysa4tyDW+EBobqdSaVpz9XFgsT3jHJVjOeRP2CYOkyoBhj0A95318tSmv8A3Nt1Of8AWOH24z+XzU8s7GxNwRZ09qR2ZJ36n4BbxQOIq1tQd3GhPPRTR2cAYpMgNG/KvE8l5JbHk5HCOFAfVM4gD3a/KRFiSeO/kmDyzsjBDBnu4/zP5JfJdjpQTI4sYdfzO+w/lEyEbIs3HE/4DoNuqhxvmPhHmfZH3KWwvR+wjkatr9zEltAjZgjbhZs1vtPPzJ+KWtsVoY0ukOAEeCKlXdSdumfkrgWRw5+0/wDMdunBLbTYnz5k4Gbu3I/SOHM5dUhsX3+JTj9RX5D5PZlLu/vTa4i41DSSWtz2IqTsBVXiK1FpxNDS6lAXCtONM98vRJ7YGwMwxtwtO4zc48zqShoZJo2l0ooD7DNZPMbdNeNFmJzj1KMn93Z/SWyO9Hn22RkcqtP1Sm+Lc2MPfpX4ZUSmG/GuJawOLmipAaaj4UVZvi0TWkuaxpo0HEKgEdRt801vUlhQmYvSojcjoS79nbIIojO6pfLRxyqQ3VrQPP1KsllshAxvb4jry5BV+7reJI2OBGjdNiPsQi/xUlaiZ4/5V+ByVGJ1USbMjuSev96jC8WtwEnUZjqkPaa3iKBxrsUztNvc5lH4TzpQlcw/qJfReRAzMnXgBz/nFZnyA9eYz0mIjbeNy19icrHE46vBkPV7i76qz3JG5zMZGb8+jfdHpn5lVHsXaAbJECalrcB6tJCs5vSWgbGWsa0AVpUmgpvkPRZiZV2Z7OrtYHnyY+ER4LR+WqQC2TjPv3eYafhRF2e+JB7Ya8cR4T9j8FSvqFOtiRN6XIN6P+/nI7a/+8z9rj6kD6FSTyABDyzYnl9AOHIKC0PrlXXLn0HNIyZKuVBNAHxMlkaPFQOk2rowH6lIZ7FLOSQ6jPekOlNwwbn4fJWaK7QG4psm7M3d+77eqX33aqgNplo2NozPAUHyUrjVt9oSPv2/f4/SIJpo4mOZCKA+1Ic3O513+XAJ5cdvEkbX5io3FOXpzSxt0hv9y1UJ1bFq0fu/MeWnVRR3m8z0Y0ub7wFKMbs4nT7oAxU7+0eAGFDr5ljtlascM8Ls+hBB+aeMLGtxveKddem5SCK0AjJad6KqlM4XcRkwlwB1Uff6wz3YnO5mgr9Vuy3sd7Ub2c8iPgfokjZUSy0pq5yezEt6ZR0P+TPGwBgc1pq0OOHpXIdFzG85XCWZsYAa6WQVGpdizC6ZaLRlkKnhxVEFiMDi54DpXEvNK0aXEn6kcSpszAdSrFZ77jjsvO4RiOXJzRQ55090+iudgtUQibjkAIABG9RloueWdr8TZWgDUPJOTgNOhqmTL0boSATscj5LMXqPpwsmEZhV0Zdf9UirQNeeZoB9/ghO9GYaKVJIA5nRV5l4jbOmtM6JjYonvIqCK6N3PXgEz+qLxB9KuMXDHwxtxNjaKuPjfSpJ4A7n5Iix3bHC0FzQODRqTz4lERxtipkHSUyGzR9FrGxznGmbt3HRvL/C3iL2N/EkOQkaOvn5/wATHuL3CoqfdYNBzP3RIa2PxO8TzoOHTgOf/S1dI2Pwszcfacfr9tlHBZy/MnLd256fdM6Pyf4iuxvQ/meNDpHcT8Gqc90zJ2Z3NK/TLovHzZYY8mjU/b7rIoTTwjLmdea0CvzMEm/yECisPvTGnBtfmft6raS1E+CNvQDh8gFixKKhW4D/ADHA8k5n7eJtHZGtzko52zfdH3PM+i1kc6Q0aKn0a3qf4VixFQ5cfEyyF5nuaizMjOI+OTidG/tG3zULrtDqvkyG5OtPoF6sQhQbHxC5stUdmAWyNoYWRNEbDqQPE71+ZSuC4CC6SUFjNWgEh5P5jv65lYsSuAayfEo5laUeZDISyrWMwa4Q1tQTrVwGefFaC3ytjxywuYfy1DienXgsWJFncqDUQPmAW6953M8EL2VyGP2uVGCpJSay9mji721kjEa4K+N37qadAvFi0dXGFzYURpDeZjeGxx1achGwCoHHh9OasDLUDkDnw3WLFisauEaDcZILTRe/ihxXixCcrCM+kphFlL5DhYK89h1OybwxNi/XJ8G/b5rFirQUnLzOVmctkKeBIyHyOIb4nbuPss5deQWskccNcPjkOrztyHAcgsWIm9qcvJgJ7n4eBK7NY5JyXFxbENXnV3Jn306oa3WpkbO6ibhby9px0qTqSeOqxYpX9osdmW4jzJB6HiC2SKaBpfIaB3sxau41P5enmaKWC/I3EipBGoINB56LxYhdaNCPwtyUE+ZN/rkOnesr+4V9EfdtpdM7DEC6mrqENHU/ZYsRotsBcDO/HGWAjgx4atjOJ/vSHRvENUDbia8EuJDNXO95/Gh1A568OKxYqQgM57ZGXo7NbmT3Y1wDWtwxjJrAPa8uHJaf/GIgGumjDnAksbWoac6ZdN+KxYhGNSC0E5nBCiGWW72uphDA4HXVo/NQcdkxY/C093Tm9YsW4/mDkJJIPie2ayl29G7u3PT7/wAG8toAGCPJo1P2+6xYmE8UBHmKX3sb8TLPZhTE/Jo2O/X7L2ebF+lnDc/zgsWI2HAUIKnmbMkZGAMT8gNB9+J5LO+e7MeEbClT5rFiOuOhAuxyM//Z','Jaen','Jaen');
insert into servicio_estetico (tipo, detalle_Acortado, detalle, precio, imagen, provincia, ciudad) values ('Tinte','Servicio de tinte en Jaen','Servicio de tinte en Jaen, las más novedosas técnicas que existen en el mercado asesorándote para encontrar.',10.00,'https://encrypted-tbn0.gstatic.com/images?q=tbn%3AANd9GcS_68PqNREX7wfw4DJvAPr4zIC7YdUUoGBi85b_8kVBHGVMkLza&usqp=CAU','Jaen','Jaen');
insert into servicio_estetico (tipo, detalle_Acortado, detalle, precio, imagen, provincia, ciudad) values ('Peluqueria','Cortes de pelo en Jaen','Corte de pelo en Jaen, las más novedosas técnicas que existen en el mercado asesorándote para encontrar.',10.00,'https://encrypted-tbn0.gstatic.com/images?q=tbn%3AANd9GcQb0jQwEINeJM7kydQeqq5d-7YBdKzddPbA2zWYlOjiHr4e8Wni&usqp=CAU','Jaen','Jaen');
insert into servicio_estetico (tipo, detalle_Acortado, detalle, precio, imagen, provincia, ciudad) values ('Pedicura y Manicura','Servicio de manicura o pedicura en Malaga','Manicura o pedicura en Malaga, las más novedosas técnicas que existen en el mercado asesorándote para encontrar.',10.00,'data:image/jpeg;base64,/9j/4AAQSkZJRgABAQAAAQABAAD/2wCEAAkGBxMSEhUTExMVFhUXFRoXFhcXFxcWFxgXGBUXFxcXFxcYHSggGB0lGxYVITEhJSkrLi4uFx8zODMsNygtLisBCgoKDg0OGhAQGy0mHyUtLS0vNS0uLS0tNS0tLS0tLS0tLS0tLS0tLS4tLS0tLS0tLS0tLS0tLS8tLS0tLS0tLf/AABEIANAA8wMBIgACEQEDEQH/xAAbAAABBQEBAAAAAAAAAAAAAAADAQIEBQYAB//EAD8QAAECAwUECAUCBgIBBQAAAAECEQADIQQSMUFRBWFxgQYiMpGhscHwE0JSYtFy4SOCorLC8RSSBzNDU3PS/8QAGQEAAwEBAQAAAAAAAAAAAAAAAQIDAAQF/8QAMBEAAgIBBAEDAgQFBQAAAAAAAAECESEDEjHwUUFhcSKBE2Kx4QQyQsHxFIKRodH/2gAMAwEAAhEDEQA/APS1THhJlnQvtAHiMPxAVKq0FQsRy4PRyiBPsJTWWf5ThyMCkWyt00UMQcYt5MsKS+NYDa9mpWN4wOY4GFem6tD7k8MEhTwYRVTFrkqCV4K7Ksi2I4xPkzHhUxZRoM8KFQNRhBBFoOTDkwJMERGAKtMZLpgi6Eq5eo9Y2Iih6W2IzJCrvaT1hyxHc8LNYKaUqkZ3obKvzlLPypbmo/gGNqlTfu4jOdBLK0i+cVqJ5Cg8j3xpSjlGgsFNRpsYqa+4+HIxi5074ltmHJLIH8or/UVRr5tHfvEYHo5OC5ilZqUVd5f1hJ5ZXSSSbNzIFBBFQyQcoWaQIYh6jZmkCXR4YZrue6GkuOMTbKqJabNYIJyfv3CJJ1zw/bgIBZB1E7vDU8YMmnWNA3cPyYouDmlyxylMNSfE/gQID9t5zUdwhDVyee4ZJG+CJGL/AM24ZJELybg5KcGH6fVRgstADNy3nWETvxz3DIQqzlgT4JhqEEUscQCw+5UODJBJ4q3nSGyUuQcBggbs1GGlQJfIFhvV79IwR6UuWOJqo6DIQTRhXBA0bPlDQluq+9Z9+3ha5DrKoB9KMoIp3xEpoEgtmc46O+MlNAkFsznHQLXkO1+ChTtKWo1N06GgfjEgnfFHtGzqS5R/1NRyzEZe1bTmyybilIOjuO40gbmjuWkpK0ekWK13OqqlaHIxapm3qM76R5l0Y6RTZ4WmaQSlTOzOGBDjnGmk2mYkdRd3gB60ikdVrFEZ6SfrkP08tl2XLs8upvBai3ZAdm0JPg+sRdlTTdDxy0XySouTiTiYkSZF2FbcpbgYjBRJV6HoMASqCoMEQKDBRAhD01gihb0Dn1EKzYx0pBPWLNkDieOkGmxlGssrdiywiShIG4d5izVeAJUlxu/EHRbEkXClIu1SwZsuWMGWnqA6w8YKuQTm7yjPbYtITJmKyEtRHcWjD9EwHid/5D2n8KVLlA1mKvH9AL+JbuMUvR+cygI5ZPJ36UVtaPS7IimUOtMsNDLCqgglokvmYo+Dk/qIKUUhClocma76ihgduUySd34ESLZ4LOwqcB+LfmDLU5Da03nXgIh2BYUmkSAoZ0yO4aDjDyRzy5DS04Z1pvOauEPHgMPuVrAvijg9D9qchzh6Zg4eg9+6wSbCuwc19TDAh6His+SRCKmgmmVEjX7oIlQAxcCv6iYIBZxPZFCcdAn/AFHSkgMoCgogeauMNxLE1NVHdoPekFUtg4xNEDTJ4yMIwwyTVR1OSYUv/MvwEcEgUyTVW86QofH5lYbh+/lGAcFgUCUlsziY6FM8CgSC2eusdBv3BXsUG1LBedoxe1rAsO6bw8Y9UmyxnECfs1CshGnp+Dp0tesM8as082eeCXCV9Uk5H5X8RzjbWS2AjGNFaOi8iYCFoCgdYfZujNnl9lHepR8zA2OhpasGynl2kRKFpDYxdDZ0sfInuENNiRjdT3CNtYrnFlRLWVdkE8BFhIsyjU0iaCBCKmCGUWI5JjPgtnClYEBnWlorp9tgNpDwg2SbTahyeBW7a6UjF9Gint9vAFTELZ1lM1d9TgZD1MTWpJ4R0vShFbpEnZXSiULQtFpPw0syVEEh3zIwjaWq1IMoLlzEqQAwKTecnRs48+2t0dUV3gHeLTYGwhKF44nLKGhOaTjQutDTlU0/seadLreubaVlaSm6biUnFKRh3484f0ftbkAmo8o33TTowLVLvyw05A6p+sfQfQ5GPI5ExSFPUEFiDQ6EEZQHHFGhqVKz2/Yk68kVi9ZxGP6J2wKQkjMRsJJhtPKJfxCqRWTZDTHGCvMfs0A21KvSJjY3FEcg/pFraZcDmJDRnECnwUPRi33g0aSj66DU74wPRyYUKUk/Kop7iR6RsdmLUpROgYc8+6ApYopr6edxPTKH53nT36w6agYc1HQaQ69dD54JGp1gaUuWyFVHVWnvfG4OUfJlDFqmgGiffrrDrg7VWFE7zmfe6Hs9NQ6jon94aC5vZCiR79vBoUVMls8KqOg3eXEw1DnrZksgeDjTTvh8wfI9BVZ9PTjDkn5mqeqgaDCnl3wKMcE1bECqmOJ0HlyhXVQ/MaDhgT+OEPugdXIVUd+f4EIVEB/mVgNE4fsINAEvAUuktm4hId/DTRTuMWduEdGr4N9mLPXWBfFgVsmB4gTJ41ijmh46baLX4sNM6KxNp3x06fA3h/DLAzoBNn0iAqdEe0WoAVU28mFeoPHSyGnW0vAjbDrGa2j0hs0p79ol0yCwo9yXMUiukU+0G7ZZMwg/OUtzD0HOJbpM6XpwRtLVtEJFSBxMUlq2q/ZDnIwLZvQ21TOtOmBJPFZ76NGg2b0VSg9ZRVyaDsb5MtRR4KjZlgVMVfmFzkMhwEauy2ZqARNk2ZCAwSIagGaSAbqRic+Ah4xrCJSnvdvgchOWJh65bUII40jjNTJDS6HMu5PF45Vv+KkFqiHwsN5JST5SwCUI84/8mdGqG2Sh/wDcBplM9D36x6UIHNlggggEEMQagg4iFYUzyr/x9tGplk4VTwz8fOPUrJNcCPJdt7HVs+1hSAfhKN6XuHzSzwy3Nvjf7D2kFpBBxETTqRdrdE0k1QIiNepBJSnEBXQ1wirZBKjKbOs/8SYc/iL/ALjGu2YkBD4Zk7hFCA05SUhyVUG819Y0QAACHokC8RmRkPesSRXXdpDiskggVNEjQa+98GQwG4f1E++5oFKBNczgMgnId3hxggU3W0ojec1e90Mcz8BCPleuKz6cvOHFTC9yQPXl5mGpQ3Vfes6f68zChXz4NRA0bPl5mCL3veDkS26vNZ4ZcvMwRJ+bkkaZOOGAhAj5cM1HQD8eZhTMbraUQOH4HjGAOKR2TgKr46coaF4rPADfkOAHjClBojM1VxxD8MTAyoE/Ygd/7qME3e/I9FlJDlbPViK8/OEhosi5nXcC9WsdA/2hv8wK0yApO8RRTbOp40EtWI3RDWawHFPJbTnJYKSclfyCu+I6tjWmYetaFgaICUjvAfxjRS0CJksCDGCDLWa4MpL6L/VNnK4zFn1hJnRCSrFD8a+caxShDTNDQ+yIv40zN2HoTZUG98JBVqQPDSL6zWFCAwAHCGLtggH/ADYH0oLc5cliogRX2q2AYQCfbNTGe2jtySnGYCQcutXlCSn4KacPVmimWymMVk7bfwQXqDg2L6RnlbTnTaSZSyNSPJ6QWRseeetMlqPMHwBif1cl6glTyWFk2lMnKdrqdMTzMaGylorNnISBSLWXDwIarsmpEItMNlrghU4ihAqtt7MRaZRlrG8HNKhgoRhbDKmWWYUrwBroxwWN3vKPSFxWbb2WJyCzBbG6reRnuibVnRpz2h9m2pwIsZyAoR5z0V2lMlLNmtAKZqNfmTkQc+Mei2WYFAQYv0ZtWNfUiulSgiYViswi6KdmmI3waXOBYUKQa49bfwbw4xJnpIwFTTvh10JSzOBh9ysXPnwAgNZIylYgmPTmo0onH3yEGTMD3tKIHDP3mYELOOznitWm7xfjBCkJF9yMkDHDjp5mDkmFu/KM6rVoBk+5+8wt8ds0CaJHDDuxO9oCmWoMmjmqtwxYncKneRDkLerG6k9XecQ/9x5RrNQdKD2fmVVT5DEA8MTvjkKBN75U0SNTl3490C+JTUrHChw/7cMIfeDN8qXJ36txwEGwd7+gqlFtVL77pP8AkfCEKASJeQqs78/wI74tSss5cJ3Ux5CkdISwZjeUQTrg4B8zA735N3vwEXMc9op3DIZeEdDhaCKJSCNTnqe946H+/wCole36EQ045RFtN7IPEkDPM++6Fut791iZaLoq1WhWYaEl20miUKVvGA5kxZqlg4j9oE9zJxuxjK/I+5P0I6pq80K8PzEWZaWxCv8AqfSL+XMSRA5yE6RRw8MWOpnKMja7ekYX+Fxf4iKZ1pXSVKb7phYcbqXJ7xGv+CjQQdEtIhVpeWVeukqSPPZ3Q2daC9ptMxQ+hHUQOQx5vGg2N0Ss8gC7LDjM9Y95i/mzgIjT7aBhDPbEVSnLgLLlAUQlz3AcYkS5QTWYpxokYd+MU6Nq/DehINXERZ21JkzspYan8QPxI17jPTleeCZ0js4lrRMl9lVDxy9Y6zreIKUKU14ktg+XCJcpLRO7bZmsJckt4elcR0mHyklRAGJh0ybQVVY5ofMkqQWUGhQING3YKTb2w0WlIPZmIrLmDFJ0OoOkV2wtrTELMmcm7MTjooZKScwY1AiFtXZaZwHyrTVCxiD6g5iEa8FoTS+mXBZhYmCGk3S5qRRI3nM+fdGf2fblIV8OaLqx3EapOYjQSZoUxeohk7F1NLb8BZSG6r/cs+PvfDUrvG+R1U0SN+IHLE8oS0IIaWn5i5Vr+wxMOQR/Igd7+qjXhxjPGDnHpSezipePA5czU7hCrAUbvyJFd+p5mg3PCJWySo9pbtwzI8AIdcNEChxVuYf4jxMYw5CsZhxdk7jgSOAp3w74eCBTNR0Leg8TDgR2sk0QPL8w2ZQXRVSsda4DmYIve/ANCQtTsyEsw1bsp54wWYmm9VBuD1PM0EERLAo9A5UdT8x9BAkzKqmHAUSN+XdGo12OCJSaKe9njxammEdDZdjWoXnTWtRXj6x0Cvym+n1kDaOb37zjiffr+0Kke/fjCjCBPv3lHEiHrU35iOo+8w+X6jGujLI60yaXkmsVk+3FIIWG3jCLWVNbqn9gdBwzMBttnSpxFOVaHg6dMzydsoJCQtJUcBeDnOOsu30TCyFORQ4ivOH2zYCVioBEZa3dF5yFX5JunwO4j1idSXJ1JQlwa8zVKhosz4vFHYNpzEMJyCN4qPCNJYLWiYKGNtTJS3wGosYxaCIs4akS1M1I4CGpIlubIolwpTDlEgx18RsBtjWg2z5oTMSSWG+BKwgTA4wLp2GtyaLrbNsSpkipd4gJVEYND0rhpT3OxYw2qibJlFQLVbEZww0h+zbVdmJ0Ubp54eMH2sGm/qD88DD0tti7nu2srbdYkTksocDgQdQcorky50jH+InVI63NP48Ium0hOMTcbLw1XHHKA2Tastf8NSrpUGS9A/0l8HiQEgkIfqpcrOp+Y/4iG3H4Q0u1xIqpQrwwfcKmBmsizUW7jgOiZeJWaBNEjJ2oOCRU7+EHQlg3zLx4ZDnUmASgD+hA/wC1fNRrwG+DAlnxUug4GhI40AjIiwjgl/lR/Uf3MJJeqziXb/JXLAQ1aHIlg0FVHzPIUEGKwAVNQMw/tT6mGXe+wr733GWgnqy04qZ92gPAVMMopTf+2gV36nmad8NQohJWe0twn9Oauf4hVJZpScSxVxyHIQGwpd/VjZkwqJPWro7DdHQf/lFPVSAQM9dT3x0C15Dn0QNCnxh933z8oG/v3mYYVl6ftTLgIwK8CTH9X9T6CGBWfdqHz/UfAQ4THx7I8S+PCHY1zpyGD8YUbgEQ3lTwSPWGTXxevmdBBzLap07q+ZgKqdZVKYfSP/0YHAyY6XMYsRupXi0OUlJhZCCkXiGJwH0p04nOI9sU3GLJusgVXgHOsqDjSM/tbZ6pZ+JLPWFafMNDF/ItRTR3G+rQeaErQpKkCoooYg6wrSkscl4amx54KvZO0RNQFaiLNMV1g2WJQZOEWSExldZJz239PACbjDVIzgs5MMeMwIn7P2b8RBUSz4RVTEFKik4gsYkWXaEyWClLM+eUAUbxJJcmphpbWlQsFJSd8DXjo5SY5MIVD2Tto/WPOLDpAvro/SfMQzYkklbtQDxy9Yi7TnfEnKIwT1Ryx8XivEPkhzq/CGpXBkreAAQopClCTcaGYwMWhqQZJBjGHoDsMEu5/PdQQVMzGYaHBA0p6DxgLwgmV4QKFolykXQ3zKZx/an1MMmddVx+qHKju+Y88BzjhONTnkdHxPFoC7JCA15dVafaj884DwLT5DpmOTMIonsjf8o9YbLdKSo9pdBq2Z5mOUkKIQD1Eu51+o+kP+JjMIoKJG/5Ryx5wDd/8OuSU0W17P8AHpCxHRs5axevJrWoL8cY6Bn0iao+shSrIf6/cww1cZDtH/EescBkMczoPyYRwcKIT4nQawAiitcvlGu/gIehOfsnU7hHJD1PBh4JEMmKvEjIdojM5IT6xjDhMeuWT56qO6ECwsjeTd7u14QyYp3fAUpmckjdCyUl9+KzkBkgRllmoPbCBSKebPcl4XalvxaKuyWsLqMixEPKVuisINRtloRHSLRcLHsnw/aFKaRFmpgPAUky7EdFZYbW3UV/KfSLJKodOyUotMHODxGMTDEecmAwxYl2kRwkuwfGCgwax2tEpYUvCtWdt8ZVeQu0rQK5kQx3waz7PWo0BbMxPHSKzk0vE63D6iBz9uKUGlobeth4DHwim2C9SW7Uf9NCbStYkJ+DK7ZDk/SNTv0itlSmENEouSokqNSczBpSNYWTtjxiooUJhSmkFaGTcIyMyBaZjGsGs8+KLbk8oBimsPSdIVdUWyhW8llBtWehpLw5IiusNtCwGMWCsIKJtUclekD/AOQHY0O+hiVYpdH1iRMsiV9oJLVc5b3yii07Qu+KeeCuS4ZKQ5KhWjnIA6ACvKHpWFLusbqA5YuaGpd8y/jA5sxII+G4Gr47w9Y6SClAQKrUxVxPZTyFTHM1THlH1Fm25iXd9wWW3ODHRPRaEoFwJds9Tn4vHQa9yd/lIZHyjio+fOHAaUAFNw+o7zHS05Cvqcydwjlqwarmn3H6j9ogGEmqPZTQtj9CdT9xhGAF0UAH/UanefecIKUFSS7n5lZqO4ekJTikGv3r04D9tYwRRkR/INBms+898dapoQi6MfHnvg0odompzO/TgIq7Ukk5wyVZDFWylt9XMUci0lFoSBX4hut92I9Y0Nql0MQOi1iCrRMmqqJfVT+pQqeSafzQsV9R1uVQZfWqddAGbQKUq+HEDt6nJiL0dmEzJw+VN1uJd/ADvhrtk9u2Ni2uYxi32JbxNSQ/WTQ74odsBnhvRJxLXMzVMLcE083hYvI04Jws2CoBOcwaVNCwCM4QJivJzcMhlLQt18REmZJiJOXdgNDJ2ILOMWg8sQtmIUKQVcuCkBvIgEOaK22234JBV2SWixlTApLjOCBpgLTPu1g6FhQiNbrL8RCkuzih0ORjP7J2uqXNNmn9WYA6dFp+pBz9IVsdRtYL632JE1JStLjuI4HKPNdrdClItF5Zv2c1B0bFKh9RwB0ePUUl45coKBSQ4ORwjNWFSrBiNizzLJyReZPFnujgG7419mtgIim2v0b7NwkS0lygO7PeJScXOEVFg2wUXioESwq7e3nLiIkpOLpllFTN3s+2gK+GqhxTvG7eIl7bn3EJQKX6q/SGp3kRlZdvRMAIZQxGcdbtogNeVXBLlydABiYp+P8AS0b/AEv1qRNm2jKLLZ6SBfONUp4/Mrlhyiq2VZFLW5pkNx+Y8sOMaCWA/wBiR4DAczE4W8k/4ia/lQ9FkJAN+7upTSOiHNXeJJBJOjtwjobcvBz7X5/6CLIArzbPRCYYos5Vjm3ghPv0ggUGc0pTcHxO8wMoLvxuA5fcd7RmBPyNY1csW6x+lOSRv95RxJoEhlEMgZJTmo+898IVADMpBoM1rO7TDwGsFsySFHNWKzv+VA8/9iB7DBFgJaWmpxOpOZMV9pCk7xFnZpATeN9Jmqx6woPpHrALWlqKDR07FWTKVSpZKS1JcRE2ACmUr7piz43R/bCWy13UKOQvNwctE2xyimWkDJIfjnEMXg65RcVkjWpTOTAOiY/hKX/8kxSuQN0eCX5w3byimUs6JJ8IsNnWdCJSEpLBKAO4QFyaX8pWdIZrIUd0SdnyjKkITmEh+JqfEmIG2R15aTUKmoH9Qi3tt0ihgL1YzWEiDZdr/BV1uwosftJLPGrkrcUjzvbCwhBUcAQruIPpFzK6USglCkKC0mjJqok0YDMvlAhOuQa2lupo2V14h2mQDSEse0ErFDxGYO8QdZeLWmciTizI2+bOsE0Tarsyj181S3z3pjXXgpIUkuCHBGBBqIj22z/EllKg4IaK3owu4hVmUayj1Hx+GTQcsODRuMDtblu8EzaliTOlqlqwUMcwciN4MZjortNUmauxzj101QclJ3effpGsWqM/0r2D/wAhAmSzctEvrS1Cm+6dx95iMwx8M0ZXFbtvYsu1JAW4Uk3pcxNFoVqk+YNDnFV0Q2+bSgomC5ORRaOBa8NxjShTVg2K00yk2RaZsuZ8C0NebqLFEzAMwMjqI0UxQSHii2/ZlTpd5CTeQbyVDEEZjOJ2y7UJ8qtFMyhoqEXNFJQtKX/JOTZ5hF6n6decZXpDst1IUOrLvEzE4MSHKuJw5iNoNoJEoLIdXZufcMzoIoNqTzOBSespTBhTMMB4CDrKKibRc7doo7LYUTphmFLIlgUFH+hHqeWsW2xdgIQo2hSRfchG5R7SuWA5xbSLCEBElLOC6zqs4ngB6ROSkKU3yJH9I/JiEYeev9hZ6zqlx/b9xkqUEIAAqoUH25DiYfPDNLGL1/UfQDygiV4zDwSN/wC35hln6qTMOJcJ9T703xX27RC3z2w4tIR1ACQKPqc/F46I0qzLUAQQAcH846Bvl6IGyHqyErrGvYBr96tOH+tYKJpcgmuKzoPp3/7galM10VNJadB9R5eG8w1KA2qQecyZ+AfJsjAHqw6WLKZiwuj6Uil6tQ4MdKJSadmqRmVEkG8/vwgKy5IJ3zFeSQe/xOkOkziSFYP2BogYqI3jwbWMmCqI9sY4iIy7WsIKL3VOtW4E4RZzJSVByMi2pL+6RWWuxh2D71ZB9NTkBmTpAcnHg6tPUg8MotpOq7LGahhoC58m5xey5lKJLChMNs1nClEhkpwT9yhm+YTXiX0jQJsxlpASHADAiuTPSG0IOVtja+vHCMnttAVIXvQryiRYdmAWdKlkiYUXiXNCzs2DYQDaE4JRMSaAXhyrAEdIpplplTQCtSbpFwEgNVzkwx0NMYKlCLe4MozpV5Af8f402QlwLywalsElTcaNF10ikXEjqtdYDTHWMktcyZMSU9RMs3lK/tTxNSdBxixUJ82WCotePUSHLjC8xLBzhCLWSi1Q80nOLvCKLbBVPWJKPm7R+lGajvyG8xd7PsaJKAsJZhdlBqtgV7zkOJMSbJshMt5Yqe1PXmdEA+A5mJkoufjEUT1ZSRgVCjgaJwG/hEhZ6m7jv+SKmwqT1Em7MV1pivoSMv5QeZMW+zrUVXk1ZLMo57jvo/OI6pZSLgrMWetxxCX0AqYSYh1JlIUQlHXmLz3niTQD8QYtpkm7737FtNnMNTFLtGxzZak2hh1e0BjdOIOsTrJbApQUzBK2rgSA9NWBi2tlvlpR9aiD+kPq8dMXGSbbFtwkkld8lfLmpWkLSXBDgwwzCo3EVPgN53RmdjbSTJmGQs9UqPwzkCalPrzjUbNWETTgAoM5NOe78QsJKdFNSGxus0YLpfs+bY54taE3SO02BfF9QdI2ex7eJ8pKsHAcZgtgYJ00tsk2aZKLK6rFWNckp1rGV6NBcuWZpONLuSlZ8ABSBNqEqWUBXOKk1TPQdlqSZdSwRRR94vGQ27tBaLUmZISkJVSYjVCQesW+Z2rvg8z46kpKUBJXWpKmTkWDY5DfE+Vsf4d0HrTj21al+qnQAPlpA1NVzVJcAio6bbu7K+TbJs4KKZRSAO0rAk5JbE/mLjYtg+EkzVm8vAE5rapAyADjvid8EAiUkACuAzqVKph+YMClR+1Db3FWx1aEUc2+snPWclXp/YHLTcQ57S++7+TBvhs0sdol1cfwBCBVSs8nxvZYZCOUopBLgKU+bG7rXAxREG+98CTRfWEJ7IpyGJhJqviLCBRIpwSMfxCJ6ksqYgqDkkNdS2G6OCbiSMVKxbJOQ96mM2Fe3fccu0qfqlhkGyjodLsAIBUognLSOg/UC4FddJJcsoh5ivoT9IP1H3hDicGDFmQMkJ+o8vTMxwYBhVIPOYvMnc+XAZQyaS5SD1jVasbo94alzCDjSxpihJrrMXpvyfkIIkEkud6j5JHvFzlDQMAkNRkjROpOpqX0c5wsxQA+0Y5OWw7u4cYwRJ1oIwzogDN6P5gbnMIFAulwyQkrPDQ76sMg5iNfUeszrXRANGDVJ0pU6JAGcIlALpxloLzCafEXjdO7AnQACEttjbVQaZZXIKcXuoGFxJoDd+UnDcIjTUqvAAqH1qDpAIyGpJwGlYlzZygKB5iyLowI46anQQYSgp0DcpRzJLDg58hDUvQ0ZyiZtNlK1Fbm4k9X7lDFe8A0AzPCJMjZF3EfxF0b6U4hP+SjGhVLFVNQVSOD5aCjRGmhQcAPMXTclJ1OWphdm0Z6zkyvTs1Cj8Mf+mjrTD9SjlxPgBEtSW67dZXVlp8H3UpwcxKRJSBcHYRVavqUfz5CBzJh7ZHWVSWnRJpQanyg1Qu6+9/wQV2d/wCCk/dNX5n/ABEPoOuwCU9WWMg3zcB5xJElv4YPWPWmK0b0GA3mEMsKLkfw0ZZFsE+pgUbd3vkg3jLTeYmZMohOYBw5nHuhDJKQJKSL6jemKyf5j+lOA1O+Dh6z1YlxL3DBS+eA5wz4KkhmdayLw/sl+pgV3vka+98AjJSvq1EtArrddwP1LNTAlpKlFZLISSwyUtsP0pFTvicqQaSkGpLqVqr5lncMByh67GlZEsUloFeH5UfWDtDvrveTMyNngXp6sSCEbk5r4qwG7jExVjmIQEJKviKOD9knBI0YVMaCTZATfI6qDQZFQwHBIg9lkhLzTiXCXyGao2w343r34KiV0fBupUb6hQqVWvzKbQRYStnSyWYCVLDch+TExXVSwHWXlmE5DiYWYjCUnio7/wAD8Q6gkSepJ+vfVjZJcqmqFBRI35Dl5x1nLAzVYlwn1V703x04X1CWmiRidwxPpHXhMW2CEiv6RgOflB79/wBhfTvH7iy+ogq+ZeGt38n8QRaboEsdomvE5cB6QiJl5RmHBNE/q/YecNTMYGYcS4TwzV6RsAz3voOXLCjcHYSOsdfq7zDJf8SY+CR1juAwHP8AMNnquIu5mqvRPvfDp5+HLunE9ZX4g4N8d8s5C78z7QCVHQfKPehh0td9SiqoAvZZGg8IYofDRd+ZXWV6CHzeogJzPWVxyHvSAjP2BLtAJcivP8x0SpVgQwvh1Zx0NskLuif/2Q==','Malaga','Malaga');
insert into servicio_estetico (tipo, detalle_Acortado, detalle, precio, imagen, provincia, ciudad) values ('Depilacion','Servicio de depilación en Malaga','Servicio de depilación en Malaga, las más novedosas técnicas que existen en el mercado asesorándote para encontrar.',7.00,'https://encrypted-tbn0.gstatic.com/images?q=tbn%3AANd9GcRqcR3pR5-5PF_1nIzK2EQbUSZoS0PlfAen5z1kZv4vwjvvEHrb&usqp=CAU','Malaga','Malaga');
insert into servicio_estetico (tipo, detalle_Acortado, detalle, precio, imagen, provincia, ciudad) values ('Tinte','Servicio de tinte en Malaga','Servicio de tinte en Malaga, las más novedosas técnicas que existen en el mercado asesorándote para encontrar.',7.00,'https://encrypted-tbn0.gstatic.com/images?q=tbn%3AANd9GcSjKjDAh4VOpfkKOCHPKuNFdIkWTHFvykvoN8N9eQ7dqcgy4QnO&usqp=CAU','Malaga','Malaga');
insert into servicio_estetico (tipo, detalle_Acortado, detalle, precio, imagen, provincia, ciudad) values ('Pedicura y Manicura','Servicio de manicura o pedicura en Almeria','Manicura o pedicura en Almeria, las más novedosas técnicas que existen en el mercado asesorándote para encontrar.',10.00,'data:image/jpeg;base64,/9j/4AAQSkZJRgABAQAAAQABAAD/2wCEAAkGBxITEhUSEhIVFRUXFRcXFxUVFRUVFxcXFRUWFhcVFRUYHSggGBolHRUVITEhJSkrLi4uFx8zODMtNygtLisBCgoKDg0OGhAQGy0lHyUtLS0rLSstLS0tLS0tLS0tLS0tLS0tLS0tLS0tLS0tLS0tLS0tKy0tLS0tLS0tLS0tMP/AABEIALIBHAMBIgACEQEDEQH/xAAcAAABBQEBAQAAAAAAAAAAAAACAQMEBQYABwj/xAA5EAABAwIEAwUGBgEEAwAAAAABAAIDBBESITFBBVFhBhNxgZEiMqGx0fAUQlJygsHhBxUjYmOy8f/EABoBAAMBAQEBAAAAAAAAAAAAAAABAgMEBQb/xAAvEQACAgEDAwIEBQUBAAAAAAAAAQIRAxIhMQRBUQUTMmFx0SKBkeHwI0KhscEU/9oADAMBAAIRAxEAPwD08hNuKkWTMrOS85o7kwC1cL3SNdsU6ApLHIylehajK0RmRrZp0RoXpxr1PBd2MTQbjVNB6nKLUw7jzCGu6BPswoJL6qX1VfGU6ZTpsnGQpR8BF1zdEPkhASanw+asQYS4DZI0KVC3fknyS3QcMdgle5ESmjmqIOQvKIlC0XzSY0cBZKTYJWoCboGAcvFJiThCFjbm6ADY1KUSbLkCOKFzvU6LiUUIucXp9UwHY22FkkjrBEmXm5TYkgYwue5GgZrdQWEBZBK7LLdGm+qAQrBZEkKHBfNAwQVzlFieQn2uus1KxuNDErUxHI4GylzNUcDP79FlLk1i9iWyQEIj99FXvaNW5fAhP00x0cU1PsxOG1oceEy6XCeikXTdRAHNIVPclbDwdfNG0qooKoj2He802P1VlFInGQSjQMtOb3bry+iZD1OJTU0Ad0PP6pteAUvJE74j5KRERbJQZ4ziAdlYZHYnoghkIzOv3kpUqNHBNWi4jbdTALKLRS5Z6lSXFbxao5pXYL3IWhIucUCEcbmwR5ro2W8UuL0+idA2BI7ZCE2X3zSGQDVTZVDjuXPXwTrQmI5Brncp4PyQmmDTOkKaRXXGwT5FwBa5t92UoCybhZYXOp+7JxzrZqlsS9xuV2w3QtQg77n5IibBSVwDIdgjshjG5RX3KABdy9fBIUree5XDmkMF3JOpuMbndOIBlREU6HWUKnl2UhcyZ0OJID7pCLZoWi26NziqIG3OB89j95KM4WNwlm6aoBLnYqHuXHYmRvun2FV7MlKikuqixSRF4pRk+2z3htzHLxUWj4hfXzHJXaquI8KxHHHk/wCDv89U5LuhRkuGWEUwKksddZilrCDhdkRqCrqnnBRGY5womyxgixF1BkpSDe9wPXz5qSH5eJ+CAT3OXr16KnRMbXAkTuSksk2KjuZc3br8CgdNbbNNOgcbLIDcIAc81Cin63Uhp5KtaZDhQ/jTEsl/BC96YfKhzBQHHeKKOMFRDMpUD+azTtluNEoAJS9RJawBNtqbp6kCg3yTwkDLm2wzPioxlyt0Wf7MVtZ+JMUsZEXt3eQcOXu2J1Jy0VxktkUuncoSkmlXZ9/oa5MSuubbDX6J1zxtmU3GLDTzVto5kmcAhIuUTykZ45oGGgfmbeqJzrBJGLBDA56E625JSbXK6NqQwghfLZE82Caa3mgEZYT4XX2VjDMDofqqCKYOHkpUMllwJ0dzVmgY4eX3uhdIdlAhn5qQJbrRSMnGiLXyOGYF7bDNQWVwdoVeht1XV/C2vzHsuH5h8iN0NMcWu4kFYp0MwOiy80rmOwSCztuR8E9T12eqV0U4XwawSKUxUNLW31VrFNdawkYzgDxDhjJRnk4aOGv+QqZ7ZITZ4y2cND9Fo2S80UjQ4EEAjcFU4qXAozcdnwVNLWAgC/3ZC6UCw8gfmfmgq+EFpxQn+BP/AKn+lEjqLjC4EEag6rKVrZm8Unui6icAMt9E/PT4262dsfqq2hJGvl0CtYHLSKsyns9ivgcWnC4WIR1VeyJpe51mjUqwqaYPHXY/ey8y/wBQHSxFgJLRcjK9jpv4XSlcEdPR4V1OVQbqzeUlfHM3FG64+I8ijLLrzLsvxJ17RSCOUe6x59iXm0E+67poVvOD8bbMSx7THMMnRuyN+n36oUk0b9Z6fPBJ6d0v1X7fPgsfw24USqnlbbAwO53NlaAJO7HJPT4POUq5M/WfiSLsiBPLH8slJ4dQzuzktGOV8TvhkFdtXEpe2rsv3nVJIWnp2t0z6nVP2TLZEnfK7SMWmx8JwWUN1U3mmn8QaN0akGhssXAWXmvG+My01S5gbcAgg3sSDmtseJt5rL9o+GR1UjX94Q4C1mgG+dx81E5prY9H0zRjyP3lcWjR8E4j+IibJa2xHUKydyUHgdGIYmxtBO5J5lSK2oEbS9wNunzWsXsrODKk8rWNbXsO6noPmjAUOg4hFJkw58jv4KXIbBWuLM5RcXTVMB5ubbBCSlAsF10hHk/fvicWvBaeoNj1aTqrGHiC1dXQNkGF4BB2IWaruy7mZwuJH6Ha/wAT9VxPG1weipxlyToa0KzpprrFsqC04XAgjY7KzoK+xzUp0xSga0PRhwVdT1QKlBy0UjBxDruHslbhe0EfEdQdisdxTg81PdzbyR8wPab+4bjqFtmSp0EFVSYRnKJhOHcRBGq0FHXpnjPZZryZISI37i3sO8QND1ComySwuwzNLT190/tdoVDTibJxmtjbR1N08Kj76rOUtaDopzKnP4eqpTM3jLkTg6+XVR6yibJrkdiNR98kxTSXuR8eQT0UuhJzP2Aq1XyTop7FeI3xGzs27O28DyKsKaqT7GhwIIuDlY7qnr4HQnEM4ydd29D06o44DaTp8mlgluo/GOGRVETopW4mnyIPMHYquoa4HdWsc4WqkmjKpQla2Z452l7IT0hL23kh1xtGbf3jbx0UeirJpSMLi6VtsNveLeV9/mF7S/O6q6fgkMcneRxtY462aB6cli8e+x72L1t+3pyxt9n9/wBiwo8Xdsx+9hGL91s05iSAIbLU8Fu3YV0L7owEQKbEV88xbrkqqq4sdGMe88mscfjotG5ORtCz0PyaKaXYxHc8RmPsxtibzkOfoFb0PZt1rzTOceTPZHrqtLYIXPR7a7jeeXYrm8Bg3aT4ucf7U2l4fFH7jAPvmixoH1QbqVSUV2M3KctrJWiCrjDmkHQiygP4oznfwzSd9LJ7rS0c3ZegT1oFBp3weVVr301U5rHuaWuyGIuvyNjzXrHDqsyxMe8Fri3NpBBumqXhEQkMuBpkIsXkDF67I+OxP7iTusn4HYSOYGSUE1uel1vWQ6vRCqa21fzsS0GexXnEJraZjKqeUNDvyOd7Th0b4L0XhtS2SJsjNHC/1Vxdvc5ur6N4EpKSkuLXldisDk8yQHVUf43qolT2kii98/XyCwjlSGsMp7JFvxjgsczc8nbOGo+qwtfFJTvwyeTtnfQ9Fo4O3FN+vLq0hTah1PWRECzgeXzHIpzUZbo19rNiX9SLooeH8Q0zWhpqy4F155VNfTTGJ5y1a7m36q74dxPqsN0JxT4NoJk7HOqelqwQpPeKlIycC6bON0zUxMkBa9oc07HNVjJdr6fdlJjluL7fP/CtZLJ9uijruCvi9qC7m/oJ9oftO4+KYpq8HXn5g9VrmZ2sqrjvAe8/5IrNl9A7o7r1Q490XGaupEWnqLWF8laMkxLJUtQblpu1zTZzTqCrejqSDms0aSiaeJ2ik4A4EEXBFiCq2mqb6qwhkXTE4poznEuFPgOOK7o9xqWfUI6LiQcBmtTdUPFuAB13wWY/Uj8rvoeqmUGt4mkMqltIlUc91OJvksnTVzo3YJGlrhsd+o5hTK7jYZG599AT6C6mM0luU8LlJJdy1dVgGxKkNK8kg4vHUWxuMM9yWzE3a6/5X/pHLYLScE7TOjcIaixOzgb3HMc/DXxVKa7nfm9JyQjceVyv+ryv5RuSUKbhkDwHNIIOhG6cAWh5DVbHWSglddJdADNTVFovY+Qv8lWv4pI7JkUjv4kD1NlcMTpKhxfkpSS7FM2GqfrhjHU4j6DL4qTScIY04nkyO5u08m6KaZEIlU6YorXJ8EhgA0A9E61Re9XGey0UkZOLHnLpHeyVClr2jdMniAOQRrSKWNs827ZxNZIGXfjBcbucS3AT7NhtbRbX/TjvDRNv+t2G/wCkWA/tTJeHRTubjYHEbnbx6K0ZZoDWWa0CwCIR31HqdZ6isnSxwad07bf58HlVXxKw1WJqKwyOL3G5J+GwVvNwquII7oHbJwGqqX8ArGe9A63MWPyK5YwXk6uh6iGNu+RGSK24LxnuHXsbb4TY/HL1VBcg2IIPI5H0TgeimuD3vchljUt0bDtNWxVUTXscC5hsRbC6zubdtNslQUtS9mtyPimOGPHetGuIhuf/AGIzC0VTwVzdBdXqTW58z1vTrBl/A9mSuF8VBGqv6atBWBlpXtNwCCp1FxFwydl12/ws5R8HOnfJvIJh9VMgmGu2xWWoq3nmFfUc4KUWEkXVNLfP0Vgx11WUxHNTo8l1QOSZXdoOzzZ/bacEoHsvA1/6vG4WOlqZad/d1DMB2dqx37Xf1qvTGuTFbSRyNLJGBzTqHAEHyKJY090PHmcdmZCj4mOauqPiF1RcQ7HFhLqV5b/43klv8Xaj4qshq5InYJWljuR36g6ELK3E6NMZrY9FhqQd0/3t1kaLiPVWorgW67W9VosmxzywtMnV1IyVvttvyO46grJcc7Py4HNBxMIIvuLjcb+S18Ut/RPEghGlSKx5ZY3sfP1XTPieWSCxG+xHMFXHCqUVIwMIbM1vstJykts2+jlvu0vAoZxhyDjpoM+nIrzqo4DURvIa0usciPZcPEfRZadL+R9V03qKzQqT0y8vg03ZHtE+KZsMt7OcGlp1uTbycPivTCvNex/ZqYytqKnLCbtBOJznbF3Qeq9BxrXHweJ6vLDLNeKrreuLHnGyYdMkfmmZArZ5aHW1NlzqsKpqJrKBPW2WbkaLHZoJK0KM+uWE4n2wjY4sa1z3DI7C/iq4caqpzZloweWZ9SobZpHGj0SbiwaLucAOpAVNP2kfIcMEbn/9tG+qhcJ7MPeQ+ZznfuJP/wAV5xYikppJGABzW+zlo4mwPxQrZpCEXJRW7ZVVVW6MYqiZke+EXc4+A1VaztN7X/GLt5yOIJ/i3RY6WRz3Fz3FzjmSTclcCsXJXsfU9P6RCK/Hu/8AB7RwDtAyYd2AGuAzA0PmtFHELZheA8P4g+J4cxxBBuvcuA8Q72BjyRisA6x3sD/YXZhnqW58/wCsemf+VqcPhf8AsqDScguFEFdCFONgCn2zyvcMnxDs5DKLSRh3W2fqs5V/6cxk3je5nTUL1AwhD3KPbNcfV5IfCzzTg3YPupWyPdiwm4FrZjRa7/bwrzuV3d9EvboMvVTyu5MzFTwVrtlRV3ZgjMC69C7pJ3QS9shZWjyg8PfEchly+inUNZboeRW9q+GMdss/XdndbBZShJHRDNF7MOjr77q2gqQsmaSSM7kfFS6Ws6+W6cZtBLGnwa5kqV0+26poavJOMqfVa6zL2i3BuonE6GOVuF7QR8vA7FLDIo/FK8Rxl50A8/BDaocIScklyYzilI+lde+KInJ27ejuXipNDxEZZquk4y/33ua5rhZzB7TWg5YZGHP+QVeHhpuz3D7ovceDXb+BzWTPVn0eXHG5K15R6Jw6rHNTamrDWudfINJPksVw2v6qx4lilhexhzc0geNlcXscPtpzV8FJJWNnc5xfglvmx5GE53aG/pI5g3U/h3HmPd3VQPabkHavHmMnt66rB09RgfaRt7Gzmu16+BWlq+BQyQ/iKKUut78RPtt8N8klb+E+lz9P09KE3s+H2T+v3/U9NoWtwAsII2INwpGBeW9le0j4nhrjkSA4HfO3k75r1W2y2hJSR8z1/RT6XJplunwwAxdgCcwpcF1VnCQKmNlrkBUdfwuWQWjGEczr5BaxlONSEZapcbKU6PKm9gn47k6m5J1Wt4T2dZENM+a0wjC5wyUaO7KeV8DMMAAWf7X0+OCRgFyWG3i3MfJaRrlB4lFfNE/h2LwTcMil4PBwDewz6BWb+BzMbjmHdNOmPInwbrdWnHuCS00pniBwYsQLRcxu1sRt0KraeKWpkzEsryc9Sf5OOgWMYrxufcx6lZIqcZJRrfz9Pl+Y9w+jhjAfNeRx92FmV+r3bBb3stTymJz8IZjkLsLcgPZaLD0UTgXZJrSDIAT+gaeZ3W3js0YQNOW3RbY4tHznqfqEZ/hhv8/suCSAiTYcixLdHztBEIbLi9A56GCCKEhB3iB0qltFJBuKS6adKkxqLLoeuheAmy9C56NQaQKija7ZUdfwgaj4K/EiF5CmUYs0jKUTH4nxmzrkc9/RPR1QV/UUrXKlqeF2N25LPTRvHInyS6afLIqF2rxmmc5mZbZ2XQ6+Wvkkja9vXwU2Cotr8VS4NIT0TU12ZiuFVFHUgsqiIpA2zHtFgeV7ZE+Kp6uMwvLQ4Pb8CNjbZafj3ZGN7i+nIaTmWH3b9P0rNz8AqmawuP7BjB9Pok35X5n1HSdTgnbU9n/a+30LXgrmzEM1J90/mBAvhd6GxVyIpYjmMQ+P+Uz2D7MzNmFRM0xtbfC12riRa9tgL7rfT0jXahOMG1Z4Hqc8UOoaxbrvXk8945wmGqGMf8ctvetr+4b+Ky/+21cDrta64/NH7QPovWZuEDUJhlBYpOLDpvUpYlp5XhmO7H9lZppmzTsLI2uDvaFnPINwMOtupXqrgotIywCfJW0FSOPrusydVk1S4XCXYdDQlbZN3QkqrOKh4uQlyAFIXIALEgc5Nl6QvUtjEuuxbFNF2aF8igug3xt1TDRY5AC/IAfJdjJyUykgsbnVaRQ3KkHBFgGI+8dByT7BYLjrfYfNDe60MHuRfxCISqrbKi79c2s20Fn3qbdMoP4hNunQ5goFh3qF71BE6UyqdRWkld4u71Q+9SGVLUPSTu9QukUPvkDpUWGkl96hdOoDpeqaL0rHRZd/1SOkBVdiCVsgTthSJLwE0Qk71JjToVhBqegdZRsSJr00GotmVAT7ZgqUSI2z23VWyaRc40rSFVNqeqdZUhOyaLQORXVc2ozsn2yhUpColXSFybDwgfImIdMiakcmnzJsvugA3S2QGQrsOVyhYcr89E1DyOxcyuLDkNzl9U6xqcp47nFtoP7Pr8k9KQtTCjjAUkCw6pxkSBoub7BVRF2ceSRE5qAg7BAGaxrjKoveIca4TqJJlQ96mMSTEihj5kXd6UwHpDIlQWSMZXGRRXSoC9OgskmoTTqgptdZUkKxS4pcRQgI2sPJPSKxLlGAUYgdyTraY+CrSTY0AlJT8dOSL5dEbabqr0sVkTEuDipcdNe6cFKjSwsg3K5TDTpPwqNI7IuJc1xUr8KkMNrDcpaQsDGVJZKUvdWRlth1TUQbHonndJcnRKxmSO2SuiAGsztrzTl0scf+SnhEPTNMTIzmbDfVPRs39EbI/U/L7/tSA30TE2R5GflGRO/IblSo25Boyv8ACy6FuWIjX5bD+09bL72TJYr/AGRYanIJALCybhzu49QPDc+aIlVexNAPPqnGtshibc3P3zTiko8/BSXXLlxnSLdcuXIAMJty5cmIQIguXIAVK1cuVAPwhWdOAkXLWJEjnnMoJtCuXKhIdd/SH8v31XLkmNBxaDwRtXLkxDcKNuq5cgAWb+J+aRnvn9v9rlyQBHZF+cJVyRRI+iU6t+9iuXKiB2PQJyTTzXLk0JhM1P3sElR7vp8wuXJ9hdyUP7STaHwXLkCEGnokk+qRcqZKHI9B4JVy5Sxo/9k=','Almeria','Almeria');
insert into servicio_estetico (tipo, detalle_Acortado, detalle, precio, imagen, provincia, ciudad) values ('Depilacion','Servicio de depilacion en Almeria','Servicio de depilacion en Almeria, las más novedosas técnicas que existen en el mercado asesorándote para encontrar.',14.00,'data:image/jpeg;base64,/9j/4AAQSkZJRgABAQAAAQABAAD/2wCEAAkGBxISEhUSEBIVFRAVFRUVFxUVFRUXFRUVFhUWFhUXFhUYHSggGRolGxUVITEhJSkrLi4uFx8zODMtNygtLisBCgoKDg0OGhAQGy0lHyMtLS01LS0tLS0tNS0tLS0tLS0tLS0tLS0tLS0tLS0tLS0vLS0tLS0tLS0tLi0tLS0tLf/AABEIALcBEwMBIgACEQEDEQH/xAAbAAABBQEBAAAAAAAAAAAAAAAAAQIEBQYDB//EAEEQAAEDAgMFBQUFBgQHAAAAAAEAAgMEEQUhMQYSQVFhEyIycYGRobHB0SNCUmJyFDOCssLhB1PS8BVDRFRjkpP/xAAaAQEAAwEBAQAAAAAAAAAAAAAAAgMEAQUG/8QAJhEAAwACAgEEAgIDAAAAAAAAAAECAxESITEEQVFhEyIUcTJC4f/aAAwDAQACEQMRAD8At6YqQ+UBcKimdA90T9Wm1/xN+64eYUSqlyK8WtrpnvpKu0TaavBNlY0re0cGDjr0A1Kx9LN3rBehYHR9lHd3jdr0HJdhOmRy6lbJ8s+4ANABkBoANAqSr2oDDutu597BoBJJ5ADMp20FXutJWYwRrnVDDulwa4PdbjY7wBPUgDyV1ZGnoqx4k5dMdUf4pObJ2Yp5XOBsRu2I8wTceoWroNo4pmNMrHwPOm+N3PhZ2iT/AIcJJTNMA6QgDTJrRo0dFdNpGOZuuaC08CLhWTTp9ePshXCUuu/o5TTmwbJkT4Xj3X5FQK6N+Qy7TnoHjy5p1VQyxD7Eh8f+VJew/S/UeRuqN+0h7XsamB0MZA7OW+81r76OI0Glj/ZKpeGIhvuSzb3hmLHQjqos0JB3mmxBuCMiDzC7AfaEska4Wu6xB+eS7OsVTUe5aq10zQbP4x2w3H5StGf5hzHzVwvO3hzHB7DZzTcELa4NiQnj3tHjJzeR+hWz0+bmtPyef6nBwfKfBPQhC0mUEIQgBCEIASJUIBEicksgEKanIQDUidZBCAaQmpyRDgJEqEOiFc3BdEhCAjFqF1IQgK3GsKZUtAPdlA7r/keYWBxjBKiK+/G7d/E0FzfaNPWy9KBumT1BjFwTfgOZ9dAqM2CL/Z9GrB6i4/VdnmWxuEmSUzOH2bPD1d9B8fJbeaTgiea13E3ccyoUct7u4BZElPRsunfbKPaWbeeyO4G8ePTO3mbWHUhW+EUYiYPxHMnqs7RQ/tFcZDmyAWHLtHj4hv8AOtaTZU+Xstp8ZUnYSKZTvVSZF3pqnkrYvTKanaLOYqgxakDwbgFXfaXChzsup5lyRDE+LMOaYU5c9lwL8CQQDkfT6qxp8XBGqnVcIablocAc2nMOHEHodFUbV7LPph+00l5KRw3iMy+IEXueLmdeHHmq4l8evY0VkltKvct4qpruKmUFW6B/aNF26ObzH1Xn1DihBGeRW1wucPC4nqtoXCc6Z6BTVDZGh7Ddp/3Y8iuqwzJJIXb0ZtzHA+YWowjFmzi3hkGrfmOYW/HmVdPyeZlwOO14LFCEK4oBCEIAQhCAEIQgBJZKhANQUqRANskT0hCAaUiUoQDUIQgG2QnIQFFh2JsdC2QnUDIak20C4yzEnff6DgByVfSQMiaGt0auFdWrDkzOl2elGFS+hK6rubBR8SqxDASeRJXGnO84k6BR6gdvPHF90HtH/pYRYerregKz7Zo0vBa7N0BihG/+8fd7/wBTs7emQ9FMmkXSZ9lW1cyPpaIrdPZGxOv3GnmoOzGL9qXdDZVG0NUd0qDsPIRJIPytPsJ+qrS6dF2l4PUoZ1IIuFS00ytoJVpx3yMmSdEarhuFbbJVe9G6J3iiNv4HXLf6h6BRZWqspqz9mqGyHKM3a/8ASePoQD5XUpf472RqfyQ0V+3OwZuamhb1kgbx5uiHP8vs5HN4Him4d13v4HkvQZttmSHdpW7w/wAx4IH8LdT628lW1uGsmcZZGtc91rndaCfOwz80zOH/AIlmD8iWr/6SKaYSNXB7XRuDmGzhmCFCMRpzvMBLOLdbdW/RWkcrZGgtNwdCqU9/2WVOv6NJgmLiYWdlKBmOfUK0XnvejcHNJDgbghbPB8SE7L6PGTh15joVtw5eXT8nn58PDteCehCFoMwIQhACEIQAhCEAJEqEA1CVIgGlCUpEAwoTimoAQhCA86fVGygSyklOlK4F1l4zPeSJIk3Wm66bLsu11Q7WU92/CNuTPbm7+JUtTeeQU7dD3pTyZ+Hzdp5XWq3g0BoyAFgpLpEK+DpPKqivmUiaZVFdIoU9konRn8akumbMu3Zxf7zS35/JFaLlc8Mhe+oijiF5HSNAHmc78ha9+iml1pEn8m8hlVpTTqjbcGxyIJBHIjIqVDKqopyyOSdo0sb7hVuJwXBS0s6lSjeC1t85My/WjF0IEUxboCbj5hbOHMCyym0NKR3m+IZhWGz2Lh7QCqsdJPTL8idTyRdVEIIsVnXyGlk/8Tjn+Vx4+R+PqtS4g6KtxCiD2kELuSXvaIYr9mdGkSNuEyjqHQyBzfUcCORVHh1S6nkET/3bjZp5H8J+Xs89BPGCLhdmt/sjtxrp+DZUdS2Rge3Q+0HiCuyxFBiboDlmDq06H6FbOmnD2h7fC4XC34sqtfZ5mbE8b+johCFaUghCEAIQhACEIQAkSpEAianJEA0pqcU1ACElkqA8kkk5qpxXFRHZjBvTOya3+p3IIrsUjiaSXXdwaL3J+SgbNUTnyGeXNxPs5AdF5Gtds941GztH2TCXG8jzvPcdST8lYSSLnvWFlyc5QdBISV6q61ymylV1UVxEkVNQtj/hHg+/NJVOGUf2bP1uHfPmGkD+NYusKupNs/2eiZS0l2ktJll+8XvzcGcgL23tcsranTh1y2/Yp9RtxxXuXuO10DqyZkLr2I3uW/8Af3eYuPbdMjcvMcMrHNmD268eo4heh0lSHtBCpyz+2yeP/BL4LinkVnBKqGORTYJ1zHeiFxs74jT7wKwss5pp7HwuNx58fr6rfB9wsvtfhe/GS3xNzHp/uy7SW9ksVexc4XiwcBmrqOUFeUYJWuabEreYbW3AupzTXTI5Ma8ok4tQCRpBC6UZcYwHa29/FSmuDl0DRbJTULe0V83rTKudqt9lsU3T2Lz3XHunk48PX4+arqhqguyK5LcVtHblZJ0z01CqdnsT7ZlnH7RuvMjg76/3VsvSlpraPKqXL0wQhC6RBCEIAQhCAEhSpEAiQpUhQDSmpyagBCRKgPG67BmOOYUykpwwWClSFMXi09nvIUlcyU4lc3KKOnKUqDUBTZFCqdFI6ihxR1gVmppyVebQS2YepAWcjzK04l1spyvvRa4Sy5Wzw8EDJUWA0Gi2FJTABVW9ssXSHQvUhj1HnFvNLE+6raBaQTLpUgOaQq+N6mMdkpeUQa09mCxSjMUptoTdXeEVNwFOxqgEjeo0WeonFjrFcTLPKNtTT9VIr6gtju0je4e9U1LLcJzxd2fFWKuivitnagxMTC48iOIIyIPqn1JzCxj2TUldvM71PNmW8nCwNuRGR63K2DHCVt2n6g8l1roaWzvQVjonteMrH0I4g+a9DpKlsjA9h7pHs5g9QvNaLPejf4xmOrToR8PRXmzuMCOQRuP2bzb9L9AfI6exX4MnF6fgzepxcu15RtEIQtp5oIQhACEIQAkSlIgESFKkKAaU1OKaUAl0qYhAeZEpCkBQV4h9AIUx6cUwrpw5PUGpKmyKBUrp1GM2qk7zGDqfkPiUzCaO5C54o7fqXcm2b8z8fcr/AAeCyub4wkVJcrbNHhcAaArVz7KBTusEs06pLGti1Mq44Y2SSZscY3nPNrfEnkAM1HLy5wa0EuJsAMySdAF6Xsjs4KZu+/Od47x/CNdwfM8Vbixu39FObKsc/ZkKiB0biyQWcDYhd4Xrb45hDKhvKUDuu+TunwWFkhdG8seLOHBSyYnD+ivFmWRfZIc26osXw/7zdVeRvTpIrhUte6L5rXTM1QVVsirNzrhV+J0Jad5qZR1V8iiJM619NI6EybubCXNPVmo9cxdWeGtEjGzRalo3gNHf3UCvqJOxeyIjvAjPUA625KRseCyFrXZEKxNEb3rZ2q3HJ8fiB9/EFLBL2o7VnUOadQ4ZOafW6sKumt9owX/E3n1HVVkVO7fMkHea/wAbNCSMrgfjt7bdFJrs5LTRu9mMVMrSx3iaLg8XN09oV6vOcFc5pEkBDgSLEm1hxJ5DMgjzXooW3DTc9nmepxqK69xUIQrTOCEIQCIKEiAE0pxTCgEKaUpSOQDUJLoQHl4KUlNCCV4x9ABKYSkJXN70GhszlWV0tgV2qqoBZrE8XaN438IyHN3AKUTyejlUpWynpM5Hnm938xWqw9wAWEpKkg3Nz1sVdUmMDQHPkrssNvopw5ElpmyNT1Ud1SXENbmSbADUk6ADiq+ipaqfKKF56uG632ut7lvti9lzC4SSgmXnYFrb/hz96jGFt9ncmeZXRe7I7NdgBJIB25HnuA8B15n089U0JIWZLsAt8ypWkeTduntjbKsxzCGztysJB4XfI9PgrayQhdcprTOTTl7R5u1hBLXCzmmxHIhSmaK42qoLWnaNLNf5fdPocvUKlDslgqeFaPSm+c7ONTACs/iOGlveZry5rRST24JHsDhdVte6LZrXkydPXWycragqgFHqMLjMn2jixp++Bvbp4FzeI52z456JuJ4FU0nee3fh4SxneZY6EnVvDVFLa2ibqU9P3NTSz3XCvwZshLmOdG8/eYbX8xoVRYbinVaajqg7ipxSfTKrmoe0UQ2aMbfs5Xg3uTfJx5lul+q2Wy+LkBsEx7wya48fyn5LiGgqLU0V826q1Jw+UlV0si42bhCz+C41pFMbO0Dzx6O69ePx0C2RapbR59w4emCEIUiAiRKkQCEppKUphQAmkpSU0lANQhCA8x/ZZuEEx8opP9K5upp/+3n/APjL/pXre4lAWX+LPybf51fB43LT1I/6Wf0hkPwauT8PrHeClmJ6t3f57L2ghJZP4sj+dfwjxJ2w+IzatZEDxc7eI9G5e9ScK/wiDM5ZN9173PM65FeybqN1WzimfBTfqLp9mJw3YiOLr5rQwYNGNWNPm0K2snWU1KRW7p+SJFQRjRjR5CyktjA0CehSI7EslQhDgJLJUICHi0YMMgP4HfA2WFdkF6BWtvG8flPwWMnpt4aLL6hdo2elfTKPN7slaxxWFksVHu6DNdSw8VmlGqq+Crq4RopmAY4ae0cvepjlnn2d+I5t5j2ci2oZxVbOOCjtxW0S0rnTNDjuwsUv2tG4RPIvuj90/la3gvzGXRZJj5qZ/Zzscx/I6Ec2nRw6hazYLGLXpJDmLuiJ4jVzPTUdL8lqsTw2KoZuTMDm8ObTzadQfJaXinLPKemZlnvDXC+0Yqkrd4aqaychVWL4DLRneaTJTX8X3mct8Dh+Ye5LS1VwqeVQ9UX8Ztcp8FrKxrxycpWGYy6I9nNcs4Hi36hVrHrqSHCzvapq+9ryV1Ca0zZxStcA5pBadCNE9YijqpKdx3DdvFp0P0PVafDcWZMMu6/i06+nMLVjyqun5MeTC47XaJ90hRdISrSkQppS3SIBpTSE9IQgOaE/dQgO6EXQgBCS6UIAQlQgBCEIBUIQgBCEIAQhCAFQ11A9hJY3fZyHiHS3FXyRwuo1KonFuWZVrmnLQ8jkUu6Criso3u0N+hVTNC9mrSqHGjRORM4VVDlks3WMtdaqOa6rquk3nEtzPIKnLG10aMVa8mUdK5jmvabPaQQRwI0Xpmz2NtqY97ISDJ7eR5j8pWFlwy7iBx+6cnDyvqE6gopoZA5jg2QZgE2uOOXEdFDDdQ/osz45yL7PS3tDgQRcEWIOYIOoIWCxTCxTzFrP3bhvNHIcW+h91lp8Jx2OfdbcCUg93gS3xbp99tbKNtLDvOj52f7O6tOZK42jHgdY8nF+5RxXXeNdm09kx6zzLNDpNnTI6rhNEB3mkgjMEa36JwKYVJ9nEXWEY3vERy+LQO0Duh5FXV1gp2K2wfHbWjmPQP8Ak76q7Fm/1oozYP8AaTTXRdMDr5jRLdaTIOui6alQC3Qm3QgOt0t0gSoAShIlCAcEJEt0AqEl0qAEIQgBCEIAQhCAEISIAumPYDqE5CAq6vB2OzaSx3MaeoVRPg1SD3dxw5hxafUEfNaooUKxplsZanwecYxhdU+Ml0UglzA3e9bkQ5hOSomyzPpyapkjJoy5oLmPBO7oRl5ZjVexkJLKp+nT9zRPraWto8bjxAOcwtBDntuSMi14bvAjkcitRguM9u0B7iZIwGuubkXzB3uNwtw+BrvE1p8wCon/AAanuSIYw51t4taGk20uRrZRWBrwyVerivMlLJVttZVdXWgLUP2fpz/y/Y94/qUaXZOkcbujJ85JSPZvWXXitkFmxr5MfJtFAw2kla3zIVjh9bFMN6KRrxza4G3nZWz9iKHhSxjybY+1RWbGwQuL6aMRvOpBPeHJ19QufipHfzx7A6K4yVZNFYqdIHNNnCxXF2arqdl8vXY7D8QkiyYbt/Ccx6cvRXkOPRnxgtPtHt/ssvVQHVpt5aqPBQSSDe3wACR3jnlqQOSRdz0jlYYrtno7HXAI0OfolJVbgr3dm1j7FzQBcXta2X09FZWW1PaPNpaeht0JpCVdOEgFLdCEAoKN5CEAXRdCEAoKW6EIBbouhCALouhCALouhCARF0IQAhCEAl0iEIAukuhCAS6RKhAIhCEAXQUIXARaqjZILPaD8R5EZhVk2zUR0dI3yde3/sCkQuOU/KJzdT4Y2PZxn35Hutp4QfU2z9ysKbDYmeFgvzPePvQhcUpHXktrtkwFLdCFMrORclQhAf/Z','Almeria','Almeria');
insert into servicio_estetico (tipo, detalle_Acortado, detalle, precio, imagen, provincia, ciudad) values ('Tinte','Tinte de pelo en Almeria','Tinte de pelo en Almeria, las más novedosas técnicas que existen en el mercado asesorándote para encontrar.',14.00,'https://encrypted-tbn0.gstatic.com/images?q=tbn%3AANd9GcRYehNZum00nbkszmrEDVKfG-Y6wgR7DUwN4H-0_7bRVOMN28th&usqp=CAU','Almeria','Almeria');
insert into servicio_estetico (tipo, detalle_Acortado, detalle, precio, imagen, provincia, ciudad) values ('Pedicura y Manicura','Servicio de manicura o pedicura Granada','Manicura o pedicura en Granada, las más novedosas técnicas que existen en el mercado asesorándote para encontrar.',10.00,'https://encrypted-tbn0.gstatic.com/images?q=tbn%3AANd9GcS9EY8QmfDT840X6XNz9lcY2NDj8jyWo_b3uRpA96n5DVh8SDy3&usqp=CAU','Granada','Granada');
insert into servicio_estetico (tipo, detalle_Acortado, detalle, precio, imagen, provincia, ciudad) values ('Tinte','Servicio de tinte en Granada','Servicio de Tinte en Granada, las más novedosas técnicas que existen en el mercado asesorándote para encontrar.',15.00,'https://encrypted-tbn0.gstatic.com/images?q=tbn%3AANd9GcRTQwiniU4TfWjT0RVsWWOrpfZjY5Md9lLTXO6qT1xqwUboGuuF&usqp=CAU','Granada','Granada');
insert into servicio_estetico (tipo, detalle_Acortado, detalle, precio, imagen, provincia, ciudad) values ('Peluqueria','Servicio de peluqueria en Granada','Servicio de Peluqueria en Granada, las más novedosas técnicas que existen en el mercado asesorándote para encontrar.',15.00,'https://encrypted-tbn0.gstatic.com/images?q=tbn%3AANd9GcQLRSnuSyCqQzsAhtemHihwDt30puARc1FPvPO79c9wDuxox0j3&usqp=CAU','Granada','Granada');

insert into usuario (id, apellido1, apellido2, ciudad, direccion, e_mail, name, password, provincia, usuario, edad) values ('4','Castroviejo', 'Naranjo', 'Sevilla', 'Calle Paco Gandía Nº20', 'casanjo@hotmail.es', 'Antonio', '$2y$04$L5Zn7e9.viFH5cYyqJCbuOCoBED/eLrp7vS6K2KQoYq1xd3vX2niK', 'Sevilla', 'antonio', 22);
insert into usuario (id, apellido1, apellido2, ciudad, direccion, e_mail, name, password, provincia, usuario, edad) values ('3','Ramos', 'Cobo', 'Sevilla', 'Calle Cardenal Lluch Nº58', 'francomos@hotmail.es', 'Francisco Manuel', '$2y$04$SOFcOflICN83i4.DlnYJ8OWTLWpfHGx1Dcow1UEr1vI5OiJ0y6SN2', 'Sevilla', 'frmanuel', 23);			

insert into usuario (id, apellido1, apellido2, ciudad, direccion, e_mail, name, password, provincia, usuario, edad) values ('1','Nieto','Ureña','Bormujos', 'Avenida Juan Carlos I Rey de España Nº10', 'elniet@hotmail.es','Elia','$2y$04$kdT5cuHQu/TwAS86FKBWG.4QJXaRt2v2yRGiBIL8N59Ozue6xTE3y','Sevilla','elias', 28);
insert into usuario (id, apellido1, apellido2, ciudad, direccion, e_mail, name, password, provincia, usuario, edad) values ('2','González','García','Santiponce', 'Calle Giraldillo Nº95', 'jcgonzalez@dvo','José Carlos','$2y$04$k1./314y4aPyYUID7K3Tee89gkz/.6DGe.jS1dUzUiyxxz.sztVJe','Sevilla','carlos', 27);

insert into cliente values (1, 50.0,1);
insert into cliente values (2, 8.0,2);

insert into esteticista (descripcion, usuario_id, id) values ('Hola soy Antonio, llevo 3 meses realizando cortes de pelo, todos mis clientes están muy contentos.', 4,1);
insert into imagenes values (1,'https://static3.abc.es/media/summum/2019/12/07/Yolanda-Aberasturi-TUPe-FLEXIBLE-WEB--kfhG--660x372@abc.jpg');
insert into imagenes values (1,'https://static2.abc.es/media/summum/2019/12/07/Yolanda-Aberasturi-cortepelo-kfhG--660x372@abc.jpg');
insert into imagenes values (1,'https://static2.abc.es/media/summum/2019/12/07/LLONGUERA-ESTILO-KITE--kfhG--620x349@abc.jpg');

insert into esteticista (descripcion, usuario_id, id) values ('Hola soy Francisco Manuel, soy muy profesional en mi trabajo.',3,2);

insert into usuario (id, apellido1, apellido2, ciudad, direccion, e_mail, name, password, provincia, usuario, edad) values ('99','admin','admin','admin', 'admin', 'admin@admin','admin admin','$2y$04$3HFfqKtG6YXiFq1JKasKQuDfBOK4zmU7b2xAEtx9nC6asDlSn47Am','admin','admin', 99);

insert into administrador values (1,99);

insert into authorities values ('1','ROLE_CLIENTE');
insert into authorities values ('2','ROLE_ADMIN');
insert into authorities values ('3','ROLE_ESTETICISTA');

insert into authorities_users values (1,1);
insert into authorities_users values (2,1);

insert into authorities_users values (3,3);
insert into authorities_users values (4,3);

insert into authorities_users values (99,2);
								
insert into servicio_esteticistas (servicio_id, esteticista_id) values (1,1);
insert into servicio_esteticistas (servicio_id, esteticista_id) values (1,2);
insert into servicio_esteticistas (servicio_id, esteticista_id) values (2,1);
insert into servicio_esteticistas (servicio_id, esteticista_id) values (2,2);
insert into servicio_esteticistas (servicio_id, esteticista_id) values (3,1);
insert into servicio_esteticistas (servicio_id, esteticista_id) values (4,2);
insert into servicio_esteticistas (servicio_id, esteticista_id) values (5,1);
insert into servicio_esteticistas (servicio_id, esteticista_id) values (5,2);
insert into servicio_esteticistas (servicio_id, esteticista_id) values (6,1);
insert into servicio_esteticistas (servicio_id, esteticista_id) values (6,2);
insert into servicio_esteticistas (servicio_id, esteticista_id) values (7,1);
insert into servicio_esteticistas (servicio_id, esteticista_id) values (8,1);
insert into servicio_esteticistas (servicio_id, esteticista_id) values (9,2);
insert into servicio_esteticistas (servicio_id, esteticista_id) values (10,2);
insert into servicio_esteticistas (servicio_id, esteticista_id) values (11,1);
insert into servicio_esteticistas (servicio_id, esteticista_id) values (11,2);
insert into servicio_esteticistas (servicio_id, esteticista_id) values (12,2);
insert into servicio_esteticistas (servicio_id, esteticista_id) values (13,1);
insert into servicio_esteticistas (servicio_id, esteticista_id) values (13,2);
insert into servicio_esteticistas (servicio_id, esteticista_id) values (14,1);
insert into servicio_esteticistas (servicio_id, esteticista_id) values (14,2);
insert into servicio_esteticistas (servicio_id, esteticista_id) values (15,1);
insert into servicio_esteticistas (servicio_id, esteticista_id) values (16,2);
insert into servicio_esteticistas (servicio_id, esteticista_id) values (17,1);
insert into servicio_esteticistas (servicio_id, esteticista_id) values (18,2);
insert into servicio_esteticistas (servicio_id, esteticista_id) values (18,1);
insert into servicio_esteticistas (servicio_id, esteticista_id) values (19,2);
insert into servicio_esteticistas (servicio_id, esteticista_id) values (20,1);
insert into servicio_esteticistas (servicio_id, esteticista_id) values (21,1);
insert into servicio_esteticistas (servicio_id, esteticista_id) values (22,1);
insert into servicio_esteticistas (servicio_id, esteticista_id) values (22,2);
insert into servicio_esteticistas (servicio_id, esteticista_id) values (23,1);
insert into servicio_esteticistas (servicio_id, esteticista_id) values (23,2);
insert into servicio_esteticistas (servicio_id, esteticista_id) values (24,2);

insert into cita values(1,'detalle',  'ACEPTADA', '2021-01-01','18:30', '2020-01-01 14:27','OK',1,1,1);
insert into cita values(2,'detalle1', 'ACEPTADA', '2021-01-04','16:30', '2020-01-04 17:32','OK',2,1,1);
insert into cita values(3,'detalle2', 'ACEPTADA', '2021-01-04','16:30', '2020-01-04 17:32','OK',2,2,2);